0|209118720|906843|2f c2 39 44 d3 16 7d b8 b7 aa 01 6c db 7e c5 60 3f 92 c9 94 e3 e6 0d 08 c7 7a 91 bc eb 4e 55 b0 |0
1|211760384|916219|3c 6b ce d5 30 cf e2 d9 64 73 36 1d d8 57 ca a1 8c 7b 9e 65 80 df b2 69 b4 83 06 ad 28 67 9a 31 |0
2|213680384|919969|49 14 63 66 8d 88 47 fa 11 3c 6b ce d5 30 cf e2 d9 64 73 36 1d d8 57 ca a1 8c 7b 9e 65 80 df b2 |0
3|214640384|923720|56 bd f8 f7 ea 41 ac 1b be 05 a0 7f d2 09 d4 23 26 4d 48 07 ba d1 fc 2b 8e 95 f0 8f a2 99 24 33 |0
4|215600384|927470|63 66 8d 88 47 fa 11 3c 6b ce d5 30 cf e2 d9 64 73 36 1d d8 57 ca a1 8c 7b 9e 65 80 df b2 69 b4 |0
5|216560384|946220|70 0f 22 19 a4 b3 76 5d 18 97 0a e1 cc bb de a5 c0 1f f2 a9 f4 c3 46 ed 68 a7 da 71 1c cb ae 35 |0
6|222185728|953720|7d b8 b7 aa 01 6c db 7e c5 60 3f 92 c9 94 e3 e6 0d 08 c7 7a 91 bc eb 4e 55 b0 4f 62 59 e4 f3 b6 |0
7|223280384|957470|8a 61 4c 3b 5e 25 40 9f 72 29 74 43 c6 6d e8 27 5a f1 9c 4b 2e b5 90 af 42 b9 c4 53 96 fd 38 37 |0
8|224240384|981845|97 0a e1 cc bb de a5 c0 1f f2 a9 f4 c3 46 ed 68 a7 da 71 1c cb ae 35 10 2f c2 39 44 d3 16 7d b8 |0
9|230480384|985595|a4 b3 76 5d 18 97 0a e1 cc bb de a5 c0 1f f2 a9 f4 c3 46 ed 68 a7 da 71 1c cb ae 35 10 2f c2 39 |0
10|231440384|989345|b1 5c 0b ee 75 50 6f 02 79 84 13 56 bd f8 f7 ea 41 ac 1b be 05 a0 7f d2 09 d4 23 26 4d 48 07 ba |0
11|233840384|1004345|be 05 a0 7f d2 09 d4 23 26 4d 48 07 ba d1 fc 2b 8e 95 f0 8f a2 99 24 33 f6 dd 98 17 8a 61 4c 3b |0
12|236240384|1008095|cb ae 35 10 2f c2 39 44 d3 16 7d b8 b7 aa 01 6c db 7e c5 60 3f 92 c9 94 e3 e6 0d 08 c7 7a 91 bc |0
13|237200384|1011845|d8 57 ca a1 8c 7b 9e 65 80 df b2 69 b4 83 06 ad 28 67 9a 31 dc 8b 6e f5 d0 ef 82 f9 04 93 d6 3d |0
14|238160384|1015595|e5 00 5f 32 e9 34 03 86 2d a8 e7 1a b1 5c 0b ee 75 50 6f 02 79 84 13 56 bd f8 f7 ea 41 ac 1b be |0
15|239120384|1038095|f2 a9 f4 c3 46 ed 68 a7 da 71 1c cb ae 35 10 2f c2 39 44 d3 16 7d b8 b7 aa 01 6c db 7e c5 60 3f |0
16|244880384|1041845|2f c2 39 44 d3 16 7d b8 b7 aa 01 6c db 7e c5 60 3f 92 c9 94 e3 e6 0d 08 c7 7a 91 bc eb 4e 55 b0 |0
17|245840384|1045595|3c 6b ce d5 30 cf e2 d9 64 73 36 1d d8 57 ca a1 8c 7b 9e 65 80 df b2 69 b4 83 06 ad 28 67 9a 31 |0
18|246800384|1227470|49 14 63 66 8d 88 47 fa 11 3c 6b ce d5 30 cf e2 d9 64 73 36 1d d8 57 ca a1 8c 7b 9e 65 80 df b2 |0
19|295280384|1251843|56 bd f8 f7 ea 41 ac 1b be 05 a0 7f d2 09 d4 23 26 4d 48 07 ba d1 fc 2b 8e 95 f0 8f a2 99 24 33 |0
20|299600384|1255595|63 66 8d 88 47 fa 11 3c 6b ce d5 30 cf e2 d9 64 73 36 1d d8 57 ca a1 8c 7b 9e 65 80 df b2 69 b4 |0
21|300560384|1259345|70 0f 22 19 a4 b3 76 5d 18 97 0a e1 cc bb de a5 c0 1f f2 a9 f4 c3 46 ed 68 a7 da 71 1c cb ae 35 |0
22|303920384|1276220|7d b8 b7 aa 01 6c db 7e c5 60 3f 92 c9 94 e3 e6 0d 08 c7 7a 91 bc eb 4e 55 b0 4f 62 59 e4 f3 b6 |0
23|305840384|1279970|8a 61 4c 3b 5e 25 40 9f 72 29 74 43 c6 6d e8 27 5a f1 9c 4b 2e b5 90 af 42 b9 c4 53 96 fd 38 37 |0
24|306800384|1283720|97 0a e1 cc bb de a5 c0 1f f2 a9 f4 c3 46 ed 68 a7 da 71 1c cb ae 35 10 2f c2 39 44 d3 16 7d b8 |0
25|307760384|1398096|a4 b3 76 5d 18 97 0a e1 cc bb de a5 c0 1f f2 a9 f4 c3 46 ed 68 a7 da 71 1c cb ae 35 10 2f c2 39 |0
26|337520384|1403721|b1 5c 0b ee 75 50 6f 02 79 84 13 56 bd f8 f7 ea 41 ac 1b be 05 a0 7f d2 09 d4 23 26 4d 48 07 ba |0
27|338480384|1407471|be 05 a0 7f d2 09 d4 23 26 4d 48 07 ba d1 fc 2b 8e 95 f0 8f a2 99 24 33 f6 dd 98 17 8a 61 4c 3b |0
28|339440384|1454346|cb ae 35 10 2f c2 39 44 d3 16 7d b8 b7 aa 01 6c db 7e c5 60 3f 92 c9 94 e3 e6 0d 08 c7 7a 91 bc |0
29|351440384|1458096|d8 57 ca a1 8c 7b 9e 65 80 df b2 69 b4 83 06 ad 28 67 9a 31 dc 8b 6e f5 d0 ef 82 f9 04 93 d6 3d |0
30|352400384|1461846|e5 00 5f 32 e9 34 03 86 2d a8 e7 1a b1 5c 0b ee 75 50 6f 02 79 84 13 56 bd f8 f7 ea 41 ac 1b be |0
31|353360384|1465596|f2 a9 f4 c3 46 ed 68 a7 da 71 1c cb ae 35 10 2f c2 39 44 d3 16 7d b8 b7 aa 01 6c db 7e c5 60 3f |0
32|354320384|1476846|cf e2 d9 64 73 36 1d d8 57 ca a1 8c 7b 9e 65 80 df b2 69 b4 83 06 ad 28 67 9a 31 dc 8b 6e f5 d0 |0
33|357680128|1486220|dc 8b 6e f5 d0 ef 82 f9 04 93 d6 3d 78 77 6a c1 2c 9b 3e 85 20 ff 52 89 54 a3 a6 cd c8 87 3a 51 |0
34|359600128|1489970|e9 34 03 86 2d a8 e7 1a b1 5c 0b ee 75 50 6f 02 79 84 13 56 bd f8 f7 ea 41 ac 1b be 05 a0 7f d2 |0
35|360560128|1493720|f6 dd 98 17 8a 61 4c 3b 5e 25 40 9f 72 29 74 43 c6 6d e8 27 5a f1 9c 4b 2e b5 90 af 42 b9 c4 53 |0
36|362000128|1516220|03 86 2d a8 e7 1a b1 5c 0b ee 75 50 6f 02 79 84 13 56 bd f8 f7 ea 41 ac 1b be 05 a0 7f d2 09 d4 |0
37|367280128|1521845|10 2f c2 39 44 d3 16 7d b8 b7 aa 01 6c db 7e c5 60 3f 92 c9 94 e3 e6 0d 08 c7 7a 91 bc eb 4e 55 |0
38|368720128|1536845|1d d8 57 ca a1 8c 7b 9e 65 80 df b2 69 b4 83 06 ad 28 67 9a 31 dc 8b 6e f5 d0 ef 82 f9 04 93 d6 |0
39|373040128|1546220|2a 81 ec 5b fe 45 e0 bf 12 49 14 63 66 8d 88 47 fa 11 3c 6b ce d5 30 cf e2 d9 64 73 36 1d d8 57 |0
40|374960128|1549970|37 2a 81 ec 5b fe 45 e0 bf 12 49 14 63 66 8d 88 47 fa 11 3c 6b ce d5 30 cf e2 d9 64 73 36 1d d8 |0
41|376880128|1604345|44 d3 16 7d b8 b7 aa 01 6c db 7e c5 60 3f 92 c9 94 e3 e6 0d 08 c7 7a 91 bc eb 4e 55 b0 4f 62 59 |0
42|389840128|1608095|51 7c ab 0e 15 70 0f 22 19 a4 b3 76 5d 18 97 0a e1 cc bb de a5 c0 1f f2 a9 f4 c3 46 ed 68 a7 da |0
43|391280128|1613720|5e 25 40 9f 72 29 74 43 c6 6d e8 27 5a f1 9c 4b 2e b5 90 af 42 b9 c4 53 96 fd 38 37 2a 81 ec 5b |0
44|392240128|1617470|6b ce d5 30 cf e2 d9 64 73 36 1d d8 57 ca a1 8c 7b 9e 65 80 df b2 69 b4 83 06 ad 28 67 9a 31 dc |0
45|393200128|1726220|78 77 6a c1 2c 9b 3e 85 20 ff 52 89 54 a3 a6 cd c8 87 3a 51 7c ab 0e 15 70 0f 22 19 a4 b3 76 5d |0
46|421520128|1731845|85 20 ff 52 89 54 a3 a6 cd c8 87 3a 51 7c ab 0e 15 70 0f 22 19 a4 b3 76 5d 18 97 0a e1 cc bb de |0
47|423440128|1739345|92 c9 94 e3 e6 0d 08 c7 7a 91 bc eb 4e 55 b0 4f 62 59 e4 f3 b6 9d 58 d7 4a 21 0c fb 1e e5 00 5f |0
48|425840128|1756220|cf e2 d9 64 73 36 1d d8 57 ca a1 8c 7b 9e 65 80 df b2 69 b4 83 06 ad 28 67 9a 31 dc 8b 6e f5 d0 |0
49|430160128|1765595|dc 8b 6e f5 d0 ef 82 f9 04 93 d6 3d 78 77 6a c1 2c 9b 3e 85 20 ff 52 89 54 a3 a6 cd c8 87 3a 51 |0
50|431120128|1769345|e9 34 03 86 2d a8 e7 1a b1 5c 0b ee 75 50 6f 02 79 84 13 56 bd f8 f7 ea 41 ac 1b be 05 a0 7f d2 |0
51|436880128|1791845|f6 dd 98 17 8a 61 4c 3b 5e 25 40 9f 72 29 74 43 c6 6d e8 27 5a f1 9c 4b 2e b5 90 af 42 b9 c4 53 |0
52|437840128|1795595|03 86 2d a8 e7 1a b1 5c 0b ee 75 50 6f 02 79 84 13 56 bd f8 f7 ea 41 ac 1b be 05 a0 7f d2 09 d4 |0
53|438800128|1799345|10 2f c2 39 44 d3 16 7d b8 b7 aa 01 6c db 7e c5 60 3f 92 c9 94 e3 e6 0d 08 c7 7a 91 bc eb 4e 55 |0
54|459440128|1879970|1d d8 57 ca a1 8c 7b 9e 65 80 df b2 69 b4 83 06 ad 28 67 9a 31 dc 8b 6e f5 d0 ef 82 f9 04 93 d6 |0
55|460400128|1883720|2a 81 ec 5b fe 45 e0 bf 12 49 14 63 66 8d 88 47 fa 11 3c 6b ce d5 30 cf e2 d9 64 73 36 1d d8 57 |0
56|461840128|1889345|37 2a 81 ec 5b fe 45 e0 bf 12 49 14 63 66 8d 88 47 fa 11 3c 6b ce d5 30 cf e2 d9 64 73 36 1d d8 |0
57|464240128|1919345|44 d3 16 7d b8 b7 aa 01 6c db 7e c5 60 3f 92 c9 94 e3 e6 0d 08 c7 7a 91 bc eb 4e 55 b0 4f 62 59 |0
58|474320128|1938095|51 7c ab 0e 15 70 0f 22 19 a4 b3 76 5d 18 97 0a e1 cc bb de a5 c0 1f f2 a9 f4 c3 46 ed 68 a7 da |0
59|475760128|1943720|5e 25 40 9f 72 29 74 43 c6 6d e8 27 5a f1 9c 4b 2e b5 90 af 42 b9 c4 53 96 fd 38 37 2a 81 ec 5b |0
60|476720128|1947470|6b ce d5 30 cf e2 d9 64 73 36 1d d8 57 ca a1 8c 7b 9e 65 80 df b2 69 b4 83 06 ad 28 67 9a 31 dc |0
61|482480128|1969970|78 77 6a c1 2c 9b 3e 85 20 ff 52 89 54 a3 a6 cd c8 87 3a 51 7c ab 0e 15 70 0f 22 19 a4 b3 76 5d |0
62|483440128|1973720|85 20 ff 52 89 54 a3 a6 cd c8 87 3a 51 7c ab 0e 15 70 0f 22 19 a4 b3 76 5d 18 97 0a e1 cc bb de |0
63|484400128|1977470|92 c9 94 e3 e6 0d 08 c7 7a 91 bc eb 4e 55 b0 4f 62 59 e4 f3 b6 9d 58 d7 4a 21 0c fb 1e e5 00 5f |0
64|489680128|1998095|6f 02 79 84 13 56 bd f8 f7 ea 41 ac 1b be 05 a0 7f d2 09 d4 23 26 4d 48 07 ba d1 fc 2b 8e 95 f0 |0
65|490640128|2001845|7c ab 0e 15 70 0f 22 19 a4 b3 76 5d 18 97 0a e1 cc bb de a5 c0 1f f2 a9 f4 c3 46 ed 68 a7 da 71 |0
66|491600128|2005595|89 54 a3 a6 cd c8 87 3a 51 7c ab 0e 15 70 0f 22 19 a4 b3 76 5d 18 97 0a e1 cc bb de a5 c0 1f f2 |0
67|492560128|2009345|96 fd 38 37 2a 81 ec 5b fe 45 e0 bf 12 49 14 63 66 8d 88 47 fa 11 3c 6b ce d5 30 cf e2 d9 64 73 |0
68|494960128|2026220|a3 a6 cd c8 87 3a 51 7c ab 0e 15 70 0f 22 19 a4 b3 76 5d 18 97 0a e1 cc bb de a5 c0 1f f2 a9 f4 |0
69|497840128|2029970|b0 4f 62 59 e4 f3 b6 9d 58 d7 4a 21 0c fb 1e e5 00 5f 32 e9 34 03 86 2d a8 e7 1a b1 5c 0b ee 75 |0
70|498800128|2033720|bd f8 f7 ea 41 ac 1b be 05 a0 7f d2 09 d4 23 26 4d 48 07 ba d1 fc 2b 8e 95 f0 8f a2 99 24 33 f6 |0
71|500240128|2039345|ca a1 8c 7b 9e 65 80 df b2 69 b4 83 06 ad 28 67 9a 31 dc 8b 6e f5 d0 ef 82 f9 04 93 d6 3d 78 77 |0
72|502640128|2056220|d7 4a 21 0c fb 1e e5 00 5f 32 e9 34 03 86 2d a8 e7 1a b1 5c 0b ee 75 50 6f 02 79 84 13 56 bd f8 |0
73|505520128|2059970|e4 f3 b6 9d 58 d7 4a 21 0c fb 1e e5 00 5f 32 e9 34 03 86 2d a8 e7 1a b1 5c 0b ee 75 50 6f 02 79 |0
74|506960128|2065595|f1 9c 4b 2e b5 90 af 42 b9 c4 53 96 fd 38 37 2a 81 ec 5b fe 45 e0 bf 12 49 14 63 66 8d 88 47 fa |0
75|507920128|2069345|fe 45 e0 bf 12 49 14 63 66 8d 88 47 fa 11 3c 6b ce d5 30 cf e2 d9 64 73 36 1d d8 57 ca a1 8c 7b |0
76|510320128|2080594|0b ee 75 50 6f 02 79 84 13 56 bd f8 f7 ea 41 ac 1b be 05 a0 7f d2 09 d4 23 26 4d 48 07 ba d1 fc |0
77|512720128|2088094|18 97 0a e1 cc bb de a5 c0 1f f2 a9 f4 c3 46 ed 68 a7 da 71 1c cb ae 35 10 2f c2 39 44 d3 16 7d |0
78|514160128|2093721|25 40 9f 72 29 74 43 c6 6d e8 27 5a f1 9c 4b 2e b5 90 af 42 b9 c4 53 96 fd 38 37 2a 81 ec 5b fe |0
79|515120128|2097471|32 e9 34 03 86 2d a8 e7 1a b1 5c 0b ee 75 50 6f 02 79 84 13 56 bd f8 f7 ea 41 ac 1b be 05 a0 7f |0
80|516080128|2116221|6f 02 79 84 13 56 bd f8 f7 ea 41 ac 1b be 05 a0 7f d2 09 d4 23 26 4d 48 07 ba d1 fc 2b 8e 95 f0 |0
81|520880128|2119971|7c ab 0e 15 70 0f 22 19 a4 b3 76 5d 18 97 0a e1 cc bb de a5 c0 1f f2 a9 f4 c3 46 ed 68 a7 da 71 |0
82|521840128|2123721|89 54 a3 a6 cd c8 87 3a 51 7c ab 0e 15 70 0f 22 19 a4 b3 76 5d 18 97 0a e1 cc bb de a5 c0 1f f2 |0
83|528080128|2149970|96 fd 38 37 2a 81 ec 5b fe 45 e0 bf 12 49 14 63 66 8d 88 47 fa 11 3c 6b ce d5 30 cf e2 d9 64 73 |0
84|529520128|2153720|a3 a6 cd c8 87 3a 51 7c ab 0e 15 70 0f 22 19 a4 b3 76 5d 18 97 0a e1 cc bb de a5 c0 1f f2 a9 f4 |0
85|530480128|2157470|b0 4f 62 59 e4 f3 b6 9d 58 d7 4a 21 0c fb 1e e5 00 5f 32 e9 34 03 86 2d a8 e7 1a b1 5c 0b ee 75 |0
86|531440128|2176221|bd f8 f7 ea 41 ac 1b be 05 a0 7f d2 09 d4 23 26 4d 48 07 ba d1 fc 2b 8e 95 f0 8f a2 99 24 33 f6 |0
87|536240128|2179971|ca a1 8c 7b 9e 65 80 df b2 69 b4 83 06 ad 28 67 9a 31 dc 8b 6e f5 d0 ef 82 f9 04 93 d6 3d 78 77 |0
88|537200128|2183721|d7 4a 21 0c fb 1e e5 00 5f 32 e9 34 03 86 2d a8 e7 1a b1 5c 0b ee 75 50 6f 02 79 84 13 56 bd f8 |0
89|538160128|2187471|e4 f3 b6 9d 58 d7 4a 21 0c fb 1e e5 00 5f 32 e9 34 03 86 2d a8 e7 1a b1 5c 0b ee 75 50 6f 02 79 |0
90|539120128|2196846|f1 9c 4b 2e b5 90 af 42 b9 c4 53 96 fd 38 37 2a 81 ec 5b fe 45 e0 bf 12 49 14 63 66 8d 88 47 fa |0
91|545360128|2215596|fe 45 e0 bf 12 49 14 63 66 8d 88 47 fa 11 3c 6b ce d5 30 cf e2 d9 64 73 36 1d d8 57 ca a1 8c 7b |0
92|549680128|2238096|0b ee 75 50 6f 02 79 84 13 56 bd f8 f7 ea 41 ac 1b be 05 a0 7f d2 09 d4 23 26 4d 48 07 ba d1 fc |0
93|552080128|2241846|18 97 0a e1 cc bb de a5 c0 1f f2 a9 f4 c3 46 ed 68 a7 da 71 1c cb ae 35 10 2f c2 39 44 d3 16 7d |0
94|553040128|2249346|25 40 9f 72 29 74 43 c6 6d e8 27 5a f1 9c 4b 2e b5 90 af 42 b9 c4 53 96 fd 38 37 2a 81 ec 5b fe |0
95|556400128|2266221|32 e9 34 03 86 2d a8 e7 1a b1 5c 0b ee 75 50 6f 02 79 84 13 56 bd f8 f7 ea 41 ac 1b be 05 a0 7f |0
96|559280128|2269971|0f 22 19 a4 b3 76 5d 18 97 0a e1 cc bb de a5 c0 1f f2 a9 f4 c3 46 ed 68 a7 da 71 1c cb ae 35 10 |0
97|560240128|2296221|1c cb ae 35 10 2f c2 39 44 d3 16 7d b8 b7 aa 01 6c db 7e c5 60 3f 92 c9 94 e3 e6 0d 08 c7 7a 91 |0
98|566959872|2301845|29 74 43 c6 6d e8 27 5a f1 9c 4b 2e b5 90 af 42 b9 c4 53 96 fd 38 37 2a 81 ec 5b fe 45 e0 bf 12 |0
99|568399872|2305595|36 1d d8 57 ca a1 8c 7b 9e 65 80 df b2 69 b4 83 06 ad 28 67 9a 31 dc 8b 6e f5 d0 ef 82 f9 04 93 |0
100|569359872|2309345|43 c6 6d e8 27 5a f1 9c 4b 2e b5 90 af 42 b9 c4 53 96 fd 38 37 2a 81 ec 5b fe 45 e0 bf 12 49 14 |0
101|571759872|2335595|50 6f 02 79 84 13 56 bd f8 f7 ea 41 ac 1b be 05 a0 7f d2 09 d4 23 26 4d 48 07 ba d1 fc 2b 8e 95 |0
102|577039872|2339345|5d 18 97 0a e1 cc bb de a5 c0 1f f2 a9 f4 c3 46 ed 68 a7 da 71 1c cb ae 35 10 2f c2 39 44 d3 16 |0
103|581359872|2361845|6a c1 2c 9b 3e 85 20 ff 52 89 54 a3 a6 cd c8 87 3a 51 7c ab 0e 15 70 0f 22 19 a4 b3 76 5d 18 97 |0
104|583759872|2365595|77 6a c1 2c 9b 3e 85 20 ff 52 89 54 a3 a6 cd c8 87 3a 51 7c ab 0e 15 70 0f 22 19 a4 b3 76 5d 18 |0
105|584719872|2369345|84 13 56 bd f8 f7 ea 41 ac 1b be 05 a0 7f d2 09 d4 23 26 4d 48 07 ba d1 fc 2b 8e 95 f0 8f a2 99 |0
106|587119872|2388095|91 bc eb 4e 55 b0 4f 62 59 e4 f3 b6 9d 58 d7 4a 21 0c fb 1e e5 00 5f 32 e9 34 03 86 2d a8 e7 1a |0
107|590479872|2391845|9e 65 80 df b2 69 b4 83 06 ad 28 67 9a 31 dc 8b 6e f5 d0 ef 82 f9 04 93 d6 3d 78 77 6a c1 2c 9b |0
108|591439872|2395595|ab 0e 15 70 0f 22 19 a4 b3 76 5d 18 97 0a e1 cc bb de a5 c0 1f f2 a9 f4 c3 46 ed 68 a7 da 71 1c |0
109|592399872|2399345|b8 b7 aa 01 6c db 7e c5 60 3f 92 c9 94 e3 e6 0d 08 c7 7a 91 bc eb 4e 55 b0 4f 62 59 e4 f3 b6 9d |0
110|596719872|2416220|c5 60 3f 92 c9 94 e3 e6 0d 08 c7 7a 91 bc eb 4e 55 b0 4f 62 59 e4 f3 b6 9d 58 d7 4a 21 0c fb 1e |0
111|597679872|2419970|d2 09 d4 23 26 4d 48 07 ba d1 fc 2b 8e 95 f0 8f a2 99 24 33 f6 dd 98 17 8a 61 4c 3b 5e 25 40 9f |0
112|598639872|2423720|0f 22 19 a4 b3 76 5d 18 97 0a e1 cc bb de a5 c0 1f f2 a9 f4 c3 46 ed 68 a7 da 71 1c cb ae 35 10 |0
113|599599872|2427470|1c cb ae 35 10 2f c2 39 44 d3 16 7d b8 b7 aa 01 6c db 7e c5 60 3f 92 c9 94 e3 e6 0d 08 c7 7a 91 |0
114|600559872|2444345|29 74 43 c6 6d e8 27 5a f1 9c 4b 2e b5 90 af 42 b9 c4 53 96 fd 38 37 2a 81 ec 5b fe 45 e0 bf 12 |0
115|604879872|2448095|36 1d d8 57 ca a1 8c 7b 9e 65 80 df b2 69 b4 83 06 ad 28 67 9a 31 dc 8b 6e f5 d0 ef 82 f9 04 93 |0
116|605839872|2451845|43 c6 6d e8 27 5a f1 9c 4b 2e b5 90 af 42 b9 c4 53 96 fd 38 37 2a 81 ec 5b fe 45 e0 bf 12 49 14 |0
117|606799872|2455595|50 6f 02 79 84 13 56 bd f8 f7 ea 41 ac 1b be 05 a0 7f d2 09 d4 23 26 4d 48 07 ba d1 fc 2b 8e 95 |0
118|607759872|2474345|5d 18 97 0a e1 cc bb de a5 c0 1f f2 a9 f4 c3 46 ed 68 a7 da 71 1c cb ae 35 10 2f c2 39 44 d3 16 |0
119|612559872|2478095|6a c1 2c 9b 3e 85 20 ff 52 89 54 a3 a6 cd c8 87 3a 51 7c ab 0e 15 70 0f 22 19 a4 b3 76 5d 18 97 |0
120|613519872|2481845|77 6a c1 2c 9b 3e 85 20 ff 52 89 54 a3 a6 cd c8 87 3a 51 7c ab 0e 15 70 0f 22 19 a4 b3 76 5d 18 |0
121|614479872|2485595|84 13 56 bd f8 f7 ea 41 ac 1b be 05 a0 7f d2 09 d4 23 26 4d 48 07 ba d1 fc 2b 8e 95 f0 8f a2 99 |0
122|615919872|2496845|91 bc eb 4e 55 b0 4f 62 59 e4 f3 b6 9d 58 d7 4a 21 0c fb 1e e5 00 5f 32 e9 34 03 86 2d a8 e7 1a |0
123|620239872|2508095|9e 65 80 df b2 69 b4 83 06 ad 28 67 9a 31 dc 8b 6e f5 d0 ef 82 f9 04 93 d6 3d 78 77 6a c1 2c 9b |0
124|621199872|2511845|ab 0e 15 70 0f 22 19 a4 b3 76 5d 18 97 0a e1 cc bb de a5 c0 1f f2 a9 f4 c3 46 ed 68 a7 da 71 1c |0
125|622159872|2517470|b8 b7 aa 01 6c db 7e c5 60 3f 92 c9 94 e3 e6 0d 08 c7 7a 91 bc eb 4e 55 b0 4f 62 59 e4 f3 b6 9d |0
126|623599872|2598095|c5 60 3f 92 c9 94 e3 e6 0d 08 c7 7a 91 bc eb 4e 55 b0 4f 62 59 e4 f3 b6 9d 58 d7 4a 21 0c fb 1e |0
127|644239872|2601845|d2 09 d4 23 26 4d 48 07 ba d1 fc 2b 8e 95 f0 8f a2 99 24 33 f6 dd 98 17 8a 61 4c 3b 5e 25 40 9f |0
128|645199872|2605595|af 42 b9 c4 53 96 fd 38 37 2a 81 ec 5b fe 45 e0 bf 12 49 14 63 66 8d 88 47 fa 11 3c 6b ce d5 30 |0
129|646159872|2609345|bc eb 4e 55 b0 4f 62 59 e4 f3 b6 9d 58 d7 4a 21 0c fb 1e e5 00 5f 32 e9 34 03 86 2d a8 e7 1a b1 |0
130|667759872|2693719|c9 94 e3 e6 0d 08 c7 7a 91 bc eb 4e 55 b0 4f 62 59 e4 f3 b6 9d 58 d7 4a 21 0c fb 1e e5 00 5f 32 |0
131|668719872|2697469|d6 3d 78 77 6a c1 2c 9b 3e 85 20 ff 52 89 54 a3 a6 cd c8 87 3a 51 7c ab 0e 15 70 0f 22 19 a4 b3 |0
132|709999872|2860595|e3 e6 0d 08 c7 7a 91 bc eb 4e 55 b0 4f 62 59 e4 f3 b6 9d 58 d7 4a 21 0c fb 1e e5 00 5f 32 e9 34 |0
133|713359872|2871845|f0 8f a2 99 24 33 f6 dd 98 17 8a 61 4c 3b 5e 25 40 9f 72 29 74 43 c6 6d e8 27 5a f1 9c 4b 2e b5 |0
134|714319872|2875595|fd 38 37 2a 81 ec 5b fe 45 e0 bf 12 49 14 63 66 8d 88 47 fa 11 3c 6b ce d5 30 cf e2 d9 64 73 36 |0
135|715279872|2879345|0a e1 cc bb de a5 c0 1f f2 a9 f4 c3 46 ed 68 a7 da 71 1c cb ae 35 10 2f c2 39 44 d3 16 7d b8 b7 |0
136|717679872|2896220|17 8a 61 4c 3b 5e 25 40 9f 72 29 74 43 c6 6d e8 27 5a f1 9c 4b 2e b5 90 af 42 b9 c4 53 96 fd 38 |0
137|720559872|2899970|24 33 f6 dd 98 17 8a 61 4c 3b 5e 25 40 9f 72 29 74 43 c6 6d e8 27 5a f1 9c 4b 2e b5 90 af 42 b9 |0
138|721519872|2903720|31 dc 8b 6e f5 d0 ef 82 f9 04 93 d6 3d 78 77 6a c1 2c 9b 3e 85 20 ff 52 89 54 a3 a6 cd c8 87 3a |0
139|722479872|2907470|3e 85 20 ff 52 89 54 a3 a6 cd c8 87 3a 51 7c ab 0e 15 70 0f 22 19 a4 b3 76 5d 18 97 0a e1 cc bb |0
140|723439872|2924345|4b 2e b5 90 af 42 b9 c4 53 96 fd 38 37 2a 81 ec 5b fe 45 e0 bf 12 49 14 63 66 8d 88 47 fa 11 3c |0
141|727759872|2928095|58 d7 4a 21 0c fb 1e e5 00 5f 32 e9 34 03 86 2d a8 e7 1a b1 5c 0b ee 75 50 6f 02 79 84 13 56 bd |0
142|728719872|2931845|65 80 df b2 69 b4 83 06 ad 28 67 9a 31 dc 8b 6e f5 d0 ef 82 f9 04 93 d6 3d 78 77 6a c1 2c 9b 3e |0
143|729679872|2935595|72 29 74 43 c6 6d e8 27 5a f1 9c 4b 2e b5 90 af 42 b9 c4 53 96 fd 38 37 2a 81 ec 5b fe 45 e0 bf |0
144|730639872|2959970|af 42 b9 c4 53 96 fd 38 37 2a 81 ec 5b fe 45 e0 bf 12 49 14 63 66 8d 88 47 fa 11 3c 6b ce d5 30 |0
145|736879872|2963720|bc eb 4e 55 b0 4f 62 59 e4 f3 b6 9d 58 d7 4a 21 0c fb 1e e5 00 5f 32 e9 34 03 86 2d a8 e7 1a b1 |0
146|737839872|2967470|c9 94 e3 e6 0d 08 c7 7a 91 bc eb 4e 55 b0 4f 62 59 e4 f3 b6 9d 58 d7 4a 21 0c fb 1e e5 00 5f 32 |0
147|738799872|2980595|d6 3d 78 77 6a c1 2c 9b 3e 85 20 ff 52 89 54 a3 a6 cd c8 87 3a 51 7c ab 0e 15 70 0f 22 19 a4 b3 |0
148|744079872|2991846|e3 e6 0d 08 c7 7a 91 bc eb 4e 55 b0 4f 62 59 e4 f3 b6 9d 58 d7 4a 21 0c fb 1e e5 00 5f 32 e9 34 |0
149|745039872|2995596|f0 8f a2 99 24 33 f6 dd 98 17 8a 61 4c 3b 5e 25 40 9f 72 29 74 43 c6 6d e8 27 5a f1 9c 4b 2e b5 |0
150|745999872|2999346|fd 38 37 2a 81 ec 5b fe 45 e0 bf 12 49 14 63 66 8d 88 47 fa 11 3c 6b ce d5 30 cf e2 d9 64 73 36 |0
151|748399872|3010596|0a e1 cc bb de a5 c0 1f f2 a9 f4 c3 46 ed 68 a7 da 71 1c cb ae 35 10 2f c2 39 44 d3 16 7d b8 b7 |0
152|750799872|3018096|17 8a 61 4c 3b 5e 25 40 9f 72 29 74 43 c6 6d e8 27 5a f1 9c 4b 2e b5 90 af 42 b9 c4 53 96 fd 38 |0
153|751759872|3021846|24 33 f6 dd 98 17 8a 61 4c 3b 5e 25 40 9f 72 29 74 43 c6 6d e8 27 5a f1 9c 4b 2e b5 90 af 42 b9 |0
154|752719872|3025596|31 dc 8b 6e f5 d0 ef 82 f9 04 93 d6 3d 78 77 6a c1 2c 9b 3e 85 20 ff 52 89 54 a3 a6 cd c8 87 3a |0
155|753679872|3029346|3e 85 20 ff 52 89 54 a3 a6 cd c8 87 3a 51 7c ab 0e 15 70 0f 22 19 a4 b3 76 5d 18 97 0a e1 cc bb |0
156|756079872|3044346|4b 2e b5 90 af 42 b9 c4 53 96 fd 38 37 2a 81 ec 5b fe 45 e0 bf 12 49 14 63 66 8d 88 47 fa 11 3c |0
157|758479872|3048096|58 d7 4a 21 0c fb 1e e5 00 5f 32 e9 34 03 86 2d a8 e7 1a b1 5c 0b ee 75 50 6f 02 79 84 13 56 bd |0
158|759919872|3053721|65 80 df b2 69 b4 83 06 ad 28 67 9a 31 dc 8b 6e f5 d0 ef 82 f9 04 93 d6 3d 78 77 6a c1 2c 9b 3e |0
159|760879872|3057471|72 29 74 43 c6 6d e8 27 5a f1 9c 4b 2e b5 90 af 42 b9 c4 53 96 fd 38 37 2a 81 ec 5b fe 45 e0 bf |0
160|761839872|3083721|4f 62 59 e4 f3 b6 9d 58 d7 4a 21 0c fb 1e e5 00 5f 32 e9 34 03 86 2d a8 e7 1a b1 5c 0b ee 75 50 |0
161|768559872|3087471|5c 0b ee 75 50 6f 02 79 84 13 56 bd f8 f7 ea 41 ac 1b be 05 a0 7f d2 09 d4 23 26 4d 48 07 ba d1 |0
162|769519872|3096846|69 b4 83 06 ad 28 67 9a 31 dc 8b 6e f5 d0 ef 82 f9 04 93 d6 3d 78 77 6a c1 2c 9b 3e 85 20 ff 52 |0
163|773839872|3109971|76 5d 18 97 0a e1 cc bb de a5 c0 1f f2 a9 f4 c3 46 ed 68 a7 da 71 1c cb ae 35 10 2f c2 39 44 d3 |0
164|775279616|3113720|83 06 ad 28 67 9a 31 dc 8b 6e f5 d0 ef 82 f9 04 93 d6 3d 78 77 6a c1 2c 9b 3e 85 20 ff 52 89 54 |0
165|776239616|3134345|90 af 42 b9 c4 53 96 fd 38 37 2a 81 ec 5b fe 45 e0 bf 12 49 14 63 66 8d 88 47 fa 11 3c 6b ce d5 |0
166|781519616|3138095|9d 58 d7 4a 21 0c fb 1e e5 00 5f 32 e9 34 03 86 2d a8 e7 1a b1 5c 0b ee 75 50 6f 02 79 84 13 56 |0
167|782479616|3147470|aa 01 6c db 7e c5 60 3f 92 c9 94 e3 e6 0d 08 c7 7a 91 bc eb 4e 55 b0 4f 62 59 e4 f3 b6 9d 58 d7 |0
168|784879616|3156845|b7 aa 01 6c db 7e c5 60 3f 92 c9 94 e3 e6 0d 08 c7 7a 91 bc eb 4e 55 b0 4f 62 59 e4 f3 b6 9d 58 |0
169|789679616|3169970|c4 53 96 fd 38 37 2a 81 ec 5b fe 45 e0 bf 12 49 14 63 66 8d 88 47 fa 11 3c 6b ce d5 30 cf e2 d9 |0
170|791119616|3175595|d1 fc 2b 8e 95 f0 8f a2 99 24 33 f6 dd 98 17 8a 61 4c 3b 5e 25 40 9f 72 29 74 43 c6 6d e8 27 5a |0
171|792079616|3179345|de a5 c0 1f f2 a9 f4 c3 46 ed 68 a7 da 71 1c cb ae 35 10 2f c2 39 44 d3 16 7d b8 b7 aa 01 6c db |0
172|797839616|3201845|eb 4e 55 b0 4f 62 59 e4 f3 b6 9d 58 d7 4a 21 0c fb 1e e5 00 5f 32 e9 34 03 86 2d a8 e7 1a b1 5c |0
173|798799616|3205595|f8 f7 ea 41 ac 1b be 05 a0 7f d2 09 d4 23 26 4d 48 07 ba d1 fc 2b 8e 95 f0 8f a2 99 24 33 f6 dd |0
174|799759616|3216845|05 a0 7f d2 09 d4 23 26 4d 48 07 ba d1 fc 2b 8e 95 f0 8f a2 99 24 33 f6 dd 98 17 8a 61 4c 3b 5e |0
175|804559616|3228095|12 49 14 63 66 8d 88 47 fa 11 3c 6b ce d5 30 cf e2 d9 64 73 36 1d d8 57 ca a1 8c 7b 9e 65 80 df |0
176|805519616|3231845|4f 62 59 e4 f3 b6 9d 58 d7 4a 21 0c fb 1e e5 00 5f 32 e9 34 03 86 2d a8 e7 1a b1 5c 0b ee 75 50 |0
177|806479616|3235595|5c 0b ee 75 50 6f 02 79 84 13 56 bd f8 f7 ea 41 ac 1b be 05 a0 7f d2 09 d4 23 26 4d 48 07 ba d1 |0
178|807439616|3239345|69 b4 83 06 ad 28 67 9a 31 dc 8b 6e f5 d0 ef 82 f9 04 93 d6 3d 78 77 6a c1 2c 9b 3e 85 20 ff 52 |0
179|810799616|3259970|76 5d 18 97 0a e1 cc bb de a5 c0 1f f2 a9 f4 c3 46 ed 68 a7 da 71 1c cb ae 35 10 2f c2 39 44 d3 |0
180|813679616|3267470|83 06 ad 28 67 9a 31 dc 8b 6e f5 d0 ef 82 f9 04 93 d6 3d 78 77 6a c1 2c 9b 3e 85 20 ff 52 89 54 |0
181|815599616|3284345|90 af 42 b9 c4 53 96 fd 38 37 2a 81 ec 5b fe 45 e0 bf 12 49 14 63 66 8d 88 47 fa 11 3c 6b ce d5 |0
182|819919616|3288095|9d 58 d7 4a 21 0c fb 1e e5 00 5f 32 e9 34 03 86 2d a8 e7 1a b1 5c 0b ee 75 50 6f 02 79 84 13 56 |0
183|820879616|3291845|aa 01 6c db 7e c5 60 3f 92 c9 94 e3 e6 0d 08 c7 7a 91 bc eb 4e 55 b0 4f 62 59 e4 f3 b6 9d 58 d7 |0
184|821839616|3295595|b7 aa 01 6c db 7e c5 60 3f 92 c9 94 e3 e6 0d 08 c7 7a 91 bc eb 4e 55 b0 4f 62 59 e4 f3 b6 9d 58 |0
185|822799616|3306845|c4 53 96 fd 38 37 2a 81 ec 5b fe 45 e0 bf 12 49 14 63 66 8d 88 47 fa 11 3c 6b ce d5 30 cf e2 d9 |0
186|827599616|3318095|d1 fc 2b 8e 95 f0 8f a2 99 24 33 f6 dd 98 17 8a 61 4c 3b 5e 25 40 9f 72 29 74 43 c6 6d e8 27 5a |0
187|828559616|3321845|de a5 c0 1f f2 a9 f4 c3 46 ed 68 a7 da 71 1c cb ae 35 10 2f c2 39 44 d3 16 7d b8 b7 aa 01 6c db |0
188|829519616|3325595|eb 4e 55 b0 4f 62 59 e4 f3 b6 9d 58 d7 4a 21 0c fb 1e e5 00 5f 32 e9 34 03 86 2d a8 e7 1a b1 5c |0
189|845839616|3389345|f8 f7 ea 41 ac 1b be 05 a0 7f d2 09 d4 23 26 4d 48 07 ba d1 fc 2b 8e 95 f0 8f a2 99 24 33 f6 dd |0
190|848239616|3413720|05 a0 7f d2 09 d4 23 26 4d 48 07 ba d1 fc 2b 8e 95 f0 8f a2 99 24 33 f6 dd 98 17 8a 61 4c 3b 5e |0
191|853039616|3417470|12 49 14 63 66 8d 88 47 fa 11 3c 6b ce d5 30 cf e2 d9 64 73 36 1d d8 57 ca a1 8c 7b 9e 65 80 df |0
192|855919616|3434345|ef 82 f9 04 93 d6 3d 78 77 6a c1 2c 9b 3e 85 20 ff 52 89 54 a3 a6 cd c8 87 3a 51 7c ab 0e 15 70 |0
193|858799616|3439970|fc 2b 8e 95 f0 8f a2 99 24 33 f6 dd 98 17 8a 61 4c 3b 5e 25 40 9f 72 29 74 43 c6 6d e8 27 5a f1 |0
194|859759616|3443720|09 d4 23 26 4d 48 07 ba d1 fc 2b 8e 95 f0 8f a2 99 24 33 f6 dd 98 17 8a 61 4c 3b 5e 25 40 9f 72 |0
195|860719616|3447470|16 7d b8 b7 aa 01 6c db 7e c5 60 3f 92 c9 94 e3 e6 0d 08 c7 7a 91 bc eb 4e 55 b0 4f 62 59 e4 f3 |0
196|879919616|3524345|23 26 4d 48 07 ba d1 fc 2b 8e 95 f0 8f a2 99 24 33 f6 dd 98 17 8a 61 4c 3b 5e 25 40 9f 72 29 74 |0
197|881359616|3528095|30 cf e2 d9 64 73 36 1d d8 57 ca a1 8c 7b 9e 65 80 df b2 69 b4 83 06 ad 28 67 9a 31 dc 8b 6e f5 |0
198|882319616|3531845|3d 78 77 6a c1 2c 9b 3e 85 20 ff 52 89 54 a3 a6 cd c8 87 3a 51 7c ab 0e 15 70 0f 22 19 a4 b3 76 |0
199|883279616|3535595|4a 21 0c fb 1e e5 00 5f 32 e9 34 03 86 2d a8 e7 1a b1 5c 0b ee 75 50 6f 02 79 84 13 56 bd f8 f7 |0
200|884239616|3539345|57 ca a1 8c 7b 9e 65 80 df b2 69 b4 83 06 ad 28 67 9a 31 dc 8b 6e f5 d0 ef 82 f9 04 93 d6 3d 78 |0
201|889039616|3558095|64 73 36 1d d8 57 ca a1 8c 7b 9e 65 80 df b2 69 b4 83 06 ad 28 67 9a 31 dc 8b 6e f5 d0 ef 82 f9 |0
202|889999616|3561845|71 1c cb ae 35 10 2f c2 39 44 d3 16 7d b8 b7 aa 01 6c db 7e c5 60 3f 92 c9 94 e3 e6 0d 08 c7 7a |0
203|890959616|3565595|7e c5 60 3f 92 c9 94 e3 e6 0d 08 c7 7a 91 bc eb 4e 55 b0 4f 62 59 e4 f3 b6 9d 58 d7 4a 21 0c fb |0
204|891919616|3591845|8b 6e f5 d0 ef 82 f9 04 93 d6 3d 78 77 6a c1 2c 9b 3e 85 20 ff 52 89 54 a3 a6 cd c8 87 3a 51 7c |0
205|900079616|3606845|98 17 8a 61 4c 3b 5e 25 40 9f 72 29 74 43 c6 6d e8 27 5a f1 9c 4b 2e b5 90 af 42 b9 c4 53 96 fd |0
206|903919616|3616220|a5 c0 1f f2 a9 f4 c3 46 ed 68 a7 da 71 1c cb ae 35 10 2f c2 39 44 d3 16 7d b8 b7 aa 01 6c db 7e |0
207|904879616|3619970|b2 69 b4 83 06 ad 28 67 9a 31 dc 8b 6e f5 d0 ef 82 f9 04 93 d6 3d 78 77 6a c1 2c 9b 3e 85 20 ff |0
208|905839616|3625595|ef 82 f9 04 93 d6 3d 78 77 6a c1 2c 9b 3e 85 20 ff 52 89 54 a3 a6 cd c8 87 3a 51 7c ab 0e 15 70 |0
209|907279616|3629345|fc 2b 8e 95 f0 8f a2 99 24 33 f6 dd 98 17 8a 61 4c 3b 5e 25 40 9f 72 29 74 43 c6 6d e8 27 5a f1 |0
210|909679616|3644345|09 d4 23 26 4d 48 07 ba d1 fc 2b 8e 95 f0 8f a2 99 24 33 f6 dd 98 17 8a 61 4c 3b 5e 25 40 9f 72 |0
211|912079616|3651845|16 7d b8 b7 aa 01 6c db 7e c5 60 3f 92 c9 94 e3 e6 0d 08 c7 7a 91 bc eb 4e 55 b0 4f 62 59 e4 f3 |0
212|913999616|3655595|23 26 4d 48 07 ba d1 fc 2b 8e 95 f0 8f a2 99 24 33 f6 dd 98 17 8a 61 4c 3b 5e 25 40 9f 72 29 74 |0
213|915784960|3670595|30 cf e2 d9 64 73 36 1d d8 57 ca a1 8c 7b 9e 65 80 df b2 69 b4 83 06 ad 28 67 9a 31 dc 8b 6e f5 |0
214|920719616|3681845|3d 78 77 6a c1 2c 9b 3e 85 20 ff 52 89 54 a3 a6 cd c8 87 3a 51 7c ab 0e 15 70 0f 22 19 a4 b3 76 |0
215|921679616|3685595|4a 21 0c fb 1e e5 00 5f 32 e9 34 03 86 2d a8 e7 1a b1 5c 0b ee 75 50 6f 02 79 84 13 56 bd f8 f7 |0
216|922639616|3689345|57 ca a1 8c 7b 9e 65 80 df b2 69 b4 83 06 ad 28 67 9a 31 dc 8b 6e f5 d0 ef 82 f9 04 93 d6 3d 78 |0
217|925039616|3715595|64 73 36 1d d8 57 ca a1 8c 7b 9e 65 80 df b2 69 b4 83 06 ad 28 67 9a 31 dc 8b 6e f5 d0 ef 82 f9 |0
218|930319616|3719345|71 1c cb ae 35 10 2f c2 39 44 d3 16 7d b8 b7 aa 01 6c db 7e c5 60 3f 92 c9 94 e3 e6 0d 08 c7 7a |0
219|936079616|3741845|7e c5 60 3f 92 c9 94 e3 e6 0d 08 c7 7a 91 bc eb 4e 55 b0 4f 62 59 e4 f3 b6 9d 58 d7 4a 21 0c fb |0
220|937039616|3745595|8b 6e f5 d0 ef 82 f9 04 93 d6 3d 78 77 6a c1 2c 9b 3e 85 20 ff 52 89 54 a3 a6 cd c8 87 3a 51 7c |0
221|937999616|3749345|98 17 8a 61 4c 3b 5e 25 40 9f 72 29 74 43 c6 6d e8 27 5a f1 9c 4b 2e b5 90 af 42 b9 c4 53 96 fd |0
222|942799616|3768096|a5 c0 1f f2 a9 f4 c3 46 ed 68 a7 da 71 1c cb ae 35 10 2f c2 39 44 d3 16 7d b8 b7 aa 01 6c db 7e |0
223|943759616|3771846|b2 69 b4 83 06 ad 28 67 9a 31 dc 8b 6e f5 d0 ef 82 f9 04 93 d6 3d 78 77 6a c1 2c 9b 3e 85 20 ff |0
224|944719616|3809346|8f a2 99 24 33 f6 dd 98 17 8a 61 4c 3b 5e 25 40 9f 72 29 74 43 c6 6d e8 27 5a f1 9c 4b 2e b5 90 |0
225|957679616|3826221|9c 4b 2e b5 90 af 42 b9 c4 53 96 fd 38 37 2a 81 ec 5b fe 45 e0 bf 12 49 14 63 66 8d 88 47 fa 11 |0
226|960559616|3837471|a9 f4 c3 46 ed 68 a7 da 71 1c cb ae 35 10 2f c2 39 44 d3 16 7d b8 b7 aa 01 6c db 7e c5 60 3f 92 |0
227|963439616|3850596|b6 9d 58 d7 4a 21 0c fb 1e e5 00 5f 32 e9 34 03 86 2d a8 e7 1a b1 5c 0b ee 75 50 6f 02 79 84 13 |0
228|968239616|3867471|c3 46 ed 68 a7 da 71 1c cb ae 35 10 2f c2 39 44 d3 16 7d b8 b7 aa 01 6c db 7e c5 60 3f 92 c9 94 |0
229|969199616|3889971|d0 ef 82 f9 04 93 d6 3d 78 77 6a c1 2c 9b 3e 85 20 ff 52 89 54 a3 a6 cd c8 87 3a 51 7c ab 0e 15 |0
230|974959616|3918096|dd 98 17 8a 61 4c 3b 5e 25 40 9f 72 29 74 43 c6 6d e8 27 5a f1 9c 4b 2e b5 90 af 42 b9 c4 53 96 |0
231|982159616|3921846|ea 41 ac 1b be 05 a0 7f d2 09 d4 23 26 4d 48 07 ba d1 fc 2b 8e 95 f0 8f a2 99 24 33 f6 dd 98 17 |0
232|983599616|3927471|f7 ea 41 ac 1b be 05 a0 7f d2 09 d4 23 26 4d 48 07 ba d1 fc 2b 8e 95 f0 8f a2 99 24 33 f6 dd 98 |0
233|984755968|3955593|04 93 d6 3d 78 77 6a c1 2c 9b 3e 85 20 ff 52 89 54 a3 a6 cd c8 87 3a 51 7c ab 0e 15 70 0f 22 19 |0
234|991759360|3959345|11 3c 6b ce d5 30 cf e2 d9 64 73 36 1d d8 57 ca a1 8c 7b 9e 65 80 df b2 69 b4 83 06 ad 28 67 9a |0
235|1006159360|4015595|1e e5 00 5f 32 e9 34 03 86 2d a8 e7 1a b1 5c 0b ee 75 50 6f 02 79 84 13 56 bd f8 f7 ea 41 ac 1b |0
236|1007119360|4019345|2b 8e 95 f0 8f a2 99 24 33 f6 dd 98 17 8a 61 4c 3b 5e 25 40 9f 72 29 74 43 c6 6d e8 27 5a f1 9c |0
237|1013839360|4045595|38 37 2a 81 ec 5b fe 45 e0 bf 12 49 14 63 66 8d 88 47 fa 11 3c 6b ce d5 30 cf e2 d9 64 73 36 1d |0
238|1014799360|4049345|45 e0 bf 12 49 14 63 66 8d 88 47 fa 11 3c 6b ce d5 30 cf e2 d9 64 73 36 1d d8 57 ca a1 8c 7b 9e |0
239|1019599360|4075595|52 89 54 a3 a6 cd c8 87 3a 51 7c ab 0e 15 70 0f 22 19 a4 b3 76 5d 18 97 0a e1 cc bb de a5 c0 1f |0
240|1022959360|4086845|8f a2 99 24 33 f6 dd 98 17 8a 61 4c 3b 5e 25 40 9f 72 29 74 43 c6 6d e8 27 5a f1 9c 4b 2e b5 90 |0
241|1026799360|4096220|9c 4b 2e b5 90 af 42 b9 c4 53 96 fd 38 37 2a 81 ec 5b fe 45 e0 bf 12 49 14 63 66 8d 88 47 fa 11 |0
242|1027759360|4099970|a9 f4 c3 46 ed 68 a7 da 71 1c cb ae 35 10 2f c2 39 44 d3 16 7d b8 b7 aa 01 6c db 7e c5 60 3f 92 |0
243|1028719360|4105595|b6 9d 58 d7 4a 21 0c fb 1e e5 00 5f 32 e9 34 03 86 2d a8 e7 1a b1 5c 0b ee 75 50 6f 02 79 84 13 |0
244|1030159360|4128095|c3 46 ed 68 a7 da 71 1c cb ae 35 10 2f c2 39 44 d3 16 7d b8 b7 aa 01 6c db 7e c5 60 3f 92 c9 94 |0
245|1035919360|4137470|d0 ef 82 f9 04 93 d6 3d 78 77 6a c1 2c 9b 3e 85 20 ff 52 89 54 a3 a6 cd c8 87 3a 51 7c ab 0e 15 |0
246|1042159360|4156220|dd 98 17 8a 61 4c 3b 5e 25 40 9f 72 29 74 43 c6 6d e8 27 5a f1 9c 4b 2e b5 90 af 42 b9 c4 53 96 |0
247|1043119360|4167470|ea 41 ac 1b be 05 a0 7f d2 09 d4 23 26 4d 48 07 ba d1 fc 2b 8e 95 f0 8f a2 99 24 33 f6 dd 98 17 |0
248|1047919360|4180595|f7 ea 41 ac 1b be 05 a0 7f d2 09 d4 23 26 4d 48 07 ba d1 fc 2b 8e 95 f0 8f a2 99 24 33 f6 dd 98 |0
249|1049839360|4186220|04 93 d6 3d 78 77 6a c1 2c 9b 3e 85 20 ff 52 89 54 a3 a6 cd c8 87 3a 51 7c ab 0e 15 70 0f 22 19 |0
250|1051279360|4195596|11 3c 6b ce d5 30 cf e2 d9 64 73 36 1d d8 57 ca a1 8c 7b 9e 65 80 df b2 69 b4 83 06 ad 28 67 9a |0
251|1055599360|4221846|1e e5 00 5f 32 e9 34 03 86 2d a8 e7 1a b1 5c 0b ee 75 50 6f 02 79 84 13 56 bd f8 f7 ea 41 ac 1b |0
252|1059919360|4227470|2b 8e 95 f0 8f a2 99 24 33 f6 dd 98 17 8a 61 4c 3b 5e 25 40 9f 72 29 74 43 c6 6d e8 27 5a f1 9c |0
253|1061359360|4246220|38 37 2a 81 ec 5b fe 45 e0 bf 12 49 14 63 66 8d 88 47 fa 11 3c 6b ce d5 30 cf e2 d9 64 73 36 1d |0
254|1066159360|4249970|45 e0 bf 12 49 14 63 66 8d 88 47 fa 11 3c 6b ce d5 30 cf e2 d9 64 73 36 1d d8 57 ca a1 8c 7b 9e |0
255|1067599360|4285595|52 89 54 a3 a6 cd c8 87 3a 51 7c ab 0e 15 70 0f 22 19 a4 b3 76 5d 18 97 0a e1 cc bb de a5 c0 1f |0
256|1076239361|4289345|2f c2 39 44 d3 16 7d b8 b7 aa 01 6c db 7e c5 60 3f 92 c9 94 e3 e6 0d 08 c7 7a 91 bc eb 4e 55 b0 |0
257|1078639361|4306220|3c 6b ce d5 30 cf e2 d9 64 73 36 1d d8 57 ca a1 8c 7b 9e 65 80 df b2 69 b4 83 06 ad 28 67 9a 31 |0
258|1082479361|4313720|49 14 63 66 8d 88 47 fa 11 3c 6b ce d5 30 cf e2 d9 64 73 36 1d d8 57 ca a1 8c 7b 9e 65 80 df b2 |0
259|1083439361|4317470|56 bd f8 f7 ea 41 ac 1b be 05 a0 7f d2 09 d4 23 26 4d 48 07 ba d1 fc 2b 8e 95 f0 8f a2 99 24 33 |0
260|1084399361|4341845|63 66 8d 88 47 fa 11 3c 6b ce d5 30 cf e2 d9 64 73 36 1d d8 57 ca a1 8c 7b 9e 65 80 df b2 69 b4 |0
261|1090639361|4345595|70 0f 22 19 a4 b3 76 5d 18 97 0a e1 cc bb de a5 c0 1f f2 a9 f4 c3 46 ed 68 a7 da 71 1c cb ae 35 |0
262|1091599361|4349345|7d b8 b7 aa 01 6c db 7e c5 60 3f 92 c9 94 e3 e6 0d 08 c7 7a 91 bc eb 4e 55 b0 4f 62 59 e4 f3 b6 |0
263|1093999361|4375595|8a 61 4c 3b 5e 25 40 9f 72 29 74 43 c6 6d e8 27 5a f1 9c 4b 2e b5 90 af 42 b9 c4 53 96 fd 38 37 |0
264|1099279361|4399970|97 0a e1 cc bb de a5 c0 1f f2 a9 f4 c3 46 ed 68 a7 da 71 1c cb ae 35 10 2f c2 39 44 d3 16 7d b8 |0
265|1105519361|4403720|a4 b3 76 5d 18 97 0a e1 cc bb de a5 c0 1f f2 a9 f4 c3 46 ed 68 a7 da 71 1c cb ae 35 10 2f c2 39 |0
266|1106479361|4407470|b1 5c 0b ee 75 50 6f 02 79 84 13 56 bd f8 f7 ea 41 ac 1b be 05 a0 7f d2 09 d4 23 26 4d 48 07 ba |0
267|1107439361|4416845|be 05 a0 7f d2 09 d4 23 26 4d 48 07 ba d1 fc 2b 8e 95 f0 8f a2 99 24 33 f6 dd 98 17 8a 61 4c 3b |0
268|1111759361|4429970|cb ae 35 10 2f c2 39 44 d3 16 7d b8 b7 aa 01 6c db 7e c5 60 3f 92 c9 94 e3 e6 0d 08 c7 7a 91 bc |0
269|1113199361|4433720|d8 57 ca a1 8c 7b 9e 65 80 df b2 69 b4 83 06 ad 28 67 9a 31 dc 8b 6e f5 d0 ef 82 f9 04 93 d6 3d |0
270|1114159361|4439345|e5 00 5f 32 e9 34 03 86 2d a8 e7 1a b1 5c 0b ee 75 50 6f 02 79 84 13 56 bd f8 f7 ea 41 ac 1b be |0
271|1117039361|4456220|f2 a9 f4 c3 46 ed 68 a7 da 71 1c cb ae 35 10 2f c2 39 44 d3 16 7d b8 b7 aa 01 6c db 7e c5 60 3f |0
272|1120399361|4461845|2f c2 39 44 d3 16 7d b8 b7 aa 01 6c db 7e c5 60 3f 92 c9 94 e3 e6 0d 08 c7 7a 91 bc eb 4e 55 b0 |0
273|1121839361|4467470|3c 6b ce d5 30 cf e2 d9 64 73 36 1d d8 57 ca a1 8c 7b 9e 65 80 df b2 69 b4 83 06 ad 28 67 9a 31 |0
274|1122799361|4486220|49 14 63 66 8d 88 47 fa 11 3c 6b ce d5 30 cf e2 d9 64 73 36 1d d8 57 ca a1 8c 7b 9e 65 80 df b2 |0
275|1128559361|4495595|56 bd f8 f7 ea 41 ac 1b be 05 a0 7f d2 09 d4 23 26 4d 48 07 ba d1 fc 2b 8e 95 f0 8f a2 99 24 33 |0
276|1129999361|4499345|63 66 8d 88 47 fa 11 3c 6b ce d5 30 cf e2 d9 64 73 36 1d d8 57 ca a1 8c 7b 9e 65 80 df b2 69 b4 |0
277|1134319361|4527470|70 0f 22 19 a4 b3 76 5d 18 97 0a e1 cc bb de a5 c0 1f f2 a9 f4 c3 46 ed 68 a7 da 71 1c cb ae 35 |0
278|1138159361|4551845|7d b8 b7 aa 01 6c db 7e c5 60 3f 92 c9 94 e3 e6 0d 08 c7 7a 91 bc eb 4e 55 b0 4f 62 59 e4 f3 b6 |0
279|1144399361|4555595|8a 61 4c 3b 5e 25 40 9f 72 29 74 43 c6 6d e8 27 5a f1 9c 4b 2e b5 90 af 42 b9 c4 53 96 fd 38 37 |0
280|1145359361|4566845|97 0a e1 cc bb de a5 c0 1f f2 a9 f4 c3 46 ed 68 a7 da 71 1c cb ae 35 10 2f c2 39 44 d3 16 7d b8 |0
281|1150159361|4578095|a4 b3 76 5d 18 97 0a e1 cc bb de a5 c0 1f f2 a9 f4 c3 46 ed 68 a7 da 71 1c cb ae 35 10 2f c2 39 |0
282|1151119361|4581845|b1 5c 0b ee 75 50 6f 02 79 84 13 56 bd f8 f7 ea 41 ac 1b be 05 a0 7f d2 09 d4 23 26 4d 48 07 ba |0
283|1152079361|4585595|be 05 a0 7f d2 09 d4 23 26 4d 48 07 ba d1 fc 2b 8e 95 f0 8f a2 99 24 33 f6 dd 98 17 8a 61 4c 3b |0
284|1153039361|4589345|cb ae 35 10 2f c2 39 44 d3 16 7d b8 b7 aa 01 6c db 7e c5 60 3f 92 c9 94 e3 e6 0d 08 c7 7a 91 bc |0
285|1158319361|4609970|d8 57 ca a1 8c 7b 9e 65 80 df b2 69 b4 83 06 ad 28 67 9a 31 dc 8b 6e f5 d0 ef 82 f9 04 93 d6 3d |0
286|1159279361|4615595|e5 00 5f 32 e9 34 03 86 2d a8 e7 1a b1 5c 0b ee 75 50 6f 02 79 84 13 56 bd f8 f7 ea 41 ac 1b be |0
287|1160719361|4619345|f2 a9 f4 c3 46 ed 68 a7 da 71 1c cb ae 35 10 2f c2 39 44 d3 16 7d b8 b7 aa 01 6c db 7e c5 60 3f |0
288|1163119361|4636221|cf e2 d9 64 73 36 1d d8 57 ca a1 8c 7b 9e 65 80 df b2 69 b4 83 06 ad 28 67 9a 31 dc 8b 6e f5 d0 |0
289|1166479361|4641846|dc 8b 6e f5 d0 ef 82 f9 04 93 d6 3d 78 77 6a c1 2c 9b 3e 85 20 ff 52 89 54 a3 a6 cd c8 87 3a 51 |0
290|1167439361|4645596|e9 34 03 86 2d a8 e7 1a b1 5c 0b ee 75 50 6f 02 79 84 13 56 bd f8 f7 ea 41 ac 1b be 05 a0 7f d2 |0
291|1168399361|4649346|f6 dd 98 17 8a 61 4c 3b 5e 25 40 9f 72 29 74 43 c6 6d e8 27 5a f1 9c 4b 2e b5 90 af 42 b9 c4 53 |0
292|1173679361|4669971|03 86 2d a8 e7 1a b1 5c 0b ee 75 50 6f 02 79 84 13 56 bd f8 f7 ea 41 ac 1b be 05 a0 7f d2 09 d4 |0
293|1174639361|4673721|10 2f c2 39 44 d3 16 7d b8 b7 aa 01 6c db 7e c5 60 3f 92 c9 94 e3 e6 0d 08 c7 7a 91 bc eb 4e 55 |0
294|1175599361|4677471|1d d8 57 ca a1 8c 7b 9e 65 80 df b2 69 b4 83 06 ad 28 67 9a 31 dc 8b 6e f5 d0 ef 82 f9 04 93 d6 |0
295|1176559361|4686846|2a 81 ec 5b fe 45 e0 bf 12 49 14 63 66 8d 88 47 fa 11 3c 6b ce d5 30 cf e2 d9 64 73 36 1d d8 57 |0
296|1180879361|4698096|37 2a 81 ec 5b fe 45 e0 bf 12 49 14 63 66 8d 88 47 fa 11 3c 6b ce d5 30 cf e2 d9 64 73 36 1d d8 |0
297|1181839361|4701846|44 d3 16 7d b8 b7 aa 01 6c db 7e c5 60 3f 92 c9 94 e3 e6 0d 08 c7 7a 91 bc eb 4e 55 b0 4f 62 59 |0
298|1182799361|4705596|51 7c ab 0e 15 70 0f 22 19 a4 b3 76 5d 18 97 0a e1 cc bb de a5 c0 1f f2 a9 f4 c3 46 ed 68 a7 da |0
299|1183759361|4709346|5e 25 40 9f 72 29 74 43 c6 6d e8 27 5a f1 9c 4b 2e b5 90 af 42 b9 c4 53 96 fd 38 37 2a 81 ec 5b |0
300|1196239105|4758095|6b ce d5 30 cf e2 d9 64 73 36 1d d8 57 ca a1 8c 7b 9e 65 80 df b2 69 b4 83 06 ad 28 67 9a 31 dc |0
301|1197199105|4761845|78 77 6a c1 2c 9b 3e 85 20 ff 52 89 54 a3 a6 cd c8 87 3a 51 7c ab 0e 15 70 0f 22 19 a4 b3 76 5d |0
302|1198639105|4769345|85 20 ff 52 89 54 a3 a6 cd c8 87 3a 51 7c ab 0e 15 70 0f 22 19 a4 b3 76 5d 18 97 0a e1 cc bb de |0
303|1201519105|4786220|92 c9 94 e3 e6 0d 08 c7 7a 91 bc eb 4e 55 b0 4f 62 59 e4 f3 b6 9d 58 d7 4a 21 0c fb 1e e5 00 5f |0
304|1204879105|4791845|cf e2 d9 64 73 36 1d d8 57 ca a1 8c 7b 9e 65 80 df b2 69 b4 83 06 ad 28 67 9a 31 dc 8b 6e f5 d0 |0
305|1209199105|4829345|dc 8b 6e f5 d0 ef 82 f9 04 93 d6 3d 78 77 6a c1 2c 9b 3e 85 20 ff 52 89 54 a3 a6 cd c8 87 3a 51 |0
306|1221199105|4855596|e9 34 03 86 2d a8 e7 1a b1 5c 0b ee 75 50 6f 02 79 84 13 56 bd f8 f7 ea 41 ac 1b be 05 a0 7f d2 |0
307|1222159105|4866846|f6 dd 98 17 8a 61 4c 3b 5e 25 40 9f 72 29 74 43 c6 6d e8 27 5a f1 9c 4b 2e b5 90 af 42 b9 c4 53 |0
308|1227439105|4879970|03 86 2d a8 e7 1a b1 5c 0b ee 75 50 6f 02 79 84 13 56 bd f8 f7 ea 41 ac 1b be 05 a0 7f d2 09 d4 |0
309|1228399105|4883720|10 2f c2 39 44 d3 16 7d b8 b7 aa 01 6c db 7e c5 60 3f 92 c9 94 e3 e6 0d 08 c7 7a 91 bc eb 4e 55 |0
310|1229359105|4887470|1d d8 57 ca a1 8c 7b 9e 65 80 df b2 69 b4 83 06 ad 28 67 9a 31 dc 8b 6e f5 d0 ef 82 f9 04 93 d6 |0
311|1230319105|4906220|2a 81 ec 5b fe 45 e0 bf 12 49 14 63 66 8d 88 47 fa 11 3c 6b ce d5 30 cf e2 d9 64 73 36 1d d8 57 |0
312|1235119105|4909970|37 2a 81 ec 5b fe 45 e0 bf 12 49 14 63 66 8d 88 47 fa 11 3c 6b ce d5 30 cf e2 d9 64 73 36 1d d8 |0
313|1236079105|4913720|44 d3 16 7d b8 b7 aa 01 6c db 7e c5 60 3f 92 c9 94 e3 e6 0d 08 c7 7a 91 bc eb 4e 55 b0 4f 62 59 |0
314|1237039105|4917470|51 7c ab 0e 15 70 0f 22 19 a4 b3 76 5d 18 97 0a e1 cc bb de a5 c0 1f f2 a9 f4 c3 46 ed 68 a7 da |0
315|1241839105|4936220|5e 25 40 9f 72 29 74 43 c6 6d e8 27 5a f1 9c 4b 2e b5 90 af 42 b9 c4 53 96 fd 38 37 2a 81 ec 5b |0
316|1242799105|4939970|6b ce d5 30 cf e2 d9 64 73 36 1d d8 57 ca a1 8c 7b 9e 65 80 df b2 69 b4 83 06 ad 28 67 9a 31 dc |0
317|1243759105|4943720|78 77 6a c1 2c 9b 3e 85 20 ff 52 89 54 a3 a6 cd c8 87 3a 51 7c ab 0e 15 70 0f 22 19 a4 b3 76 5d |0
318|1244719105|4947470|85 20 ff 52 89 54 a3 a6 cd c8 87 3a 51 7c ab 0e 15 70 0f 22 19 a4 b3 76 5d 18 97 0a e1 cc bb de |0
319|1245679105|4969970|92 c9 94 e3 e6 0d 08 c7 7a 91 bc eb 4e 55 b0 4f 62 59 e4 f3 b6 9d 58 d7 4a 21 0c fb 1e e5 00 5f |0
320|1251439105|4973720|6f 02 79 84 13 56 bd f8 f7 ea 41 ac 1b be 05 a0 7f d2 09 d4 23 26 4d 48 07 ba d1 fc 2b 8e 95 f0 |0
321|1252399105|4977470|7c ab 0e 15 70 0f 22 19 a4 b3 76 5d 18 97 0a e1 cc bb de a5 c0 1f f2 a9 f4 c3 46 ed 68 a7 da 71 |0
322|1255279105|4994345|89 54 a3 a6 cd c8 87 3a 51 7c ab 0e 15 70 0f 22 19 a4 b3 76 5d 18 97 0a e1 cc bb de a5 c0 1f f2 |0
323|1257679105|4998095|96 fd 38 37 2a 81 ec 5b fe 45 e0 bf 12 49 14 63 66 8d 88 47 fa 11 3c 6b ce d5 30 cf e2 d9 64 73 |0
324|1258639105|5001845|a3 a6 cd c8 87 3a 51 7c ab 0e 15 70 0f 22 19 a4 b3 76 5d 18 97 0a e1 cc bb de a5 c0 1f f2 a9 f4 |0
325|1259599105|5007470|b0 4f 62 59 e4 f3 b6 9d 58 d7 4a 21 0c fb 1e e5 00 5f 32 e9 34 03 86 2d a8 e7 1a b1 5c 0b ee 75 |0
326|1261039105|5059970|bd f8 f7 ea 41 ac 1b be 05 a0 7f d2 09 d4 23 26 4d 48 07 ba d1 fc 2b 8e 95 f0 8f a2 99 24 33 f6 |0
327|1274479105|5063720|ca a1 8c 7b 9e 65 80 df b2 69 b4 83 06 ad 28 67 9a 31 dc 8b 6e f5 d0 ef 82 f9 04 93 d6 3d 78 77 |0
328|1275439105|5067470|d7 4a 21 0c fb 1e e5 00 5f 32 e9 34 03 86 2d a8 e7 1a b1 5c 0b ee 75 50 6f 02 79 84 13 56 bd f8 |0
329|1276399105|5086220|e4 f3 b6 9d 58 d7 4a 21 0c fb 1e e5 00 5f 32 e9 34 03 86 2d a8 e7 1a b1 5c 0b ee 75 50 6f 02 79 |0
330|1281199105|5089970|f1 9c 4b 2e b5 90 af 42 b9 c4 53 96 fd 38 37 2a 81 ec 5b fe 45 e0 bf 12 49 14 63 66 8d 88 47 fa |0
331|1282159105|5093720|fe 45 e0 bf 12 49 14 63 66 8d 88 47 fa 11 3c 6b ce d5 30 cf e2 d9 64 73 36 1d d8 57 ca a1 8c 7b |0
332|1283119105|5097470|0b ee 75 50 6f 02 79 84 13 56 bd f8 f7 ea 41 ac 1b be 05 a0 7f d2 09 d4 23 26 4d 48 07 ba d1 fc |0
333|1284079105|5119970|18 97 0a e1 cc bb de a5 c0 1f f2 a9 f4 c3 46 ed 68 a7 da 71 1c cb ae 35 10 2f c2 39 44 d3 16 7d |0
334|1289839105|5123720|25 40 9f 72 29 74 43 c6 6d e8 27 5a f1 9c 4b 2e b5 90 af 42 b9 c4 53 96 fd 38 37 2a 81 ec 5b fe |0
335|1290799105|5149970|32 e9 34 03 86 2d a8 e7 1a b1 5c 0b ee 75 50 6f 02 79 84 13 56 bd f8 f7 ea 41 ac 1b be 05 a0 7f |0
336|1297519105|5153720|6f 02 79 84 13 56 bd f8 f7 ea 41 ac 1b be 05 a0 7f d2 09 d4 23 26 4d 48 07 ba d1 fc 2b 8e 95 f0 |0
337|1298959105|5159345|7c ab 0e 15 70 0f 22 19 a4 b3 76 5d 18 97 0a e1 cc bb de a5 c0 1f f2 a9 f4 c3 46 ed 68 a7 da 71 |0
338|1303759105|5178095|89 54 a3 a6 cd c8 87 3a 51 7c ab 0e 15 70 0f 22 19 a4 b3 76 5d 18 97 0a e1 cc bb de a5 c0 1f f2 |0
339|1305199105|5183720|96 fd 38 37 2a 81 ec 5b fe 45 e0 bf 12 49 14 63 66 8d 88 47 fa 11 3c 6b ce d5 30 cf e2 d9 64 73 |0
340|1306159105|5187470|a3 a6 cd c8 87 3a 51 7c ab 0e 15 70 0f 22 19 a4 b3 76 5d 18 97 0a e1 cc bb de a5 c0 1f f2 a9 f4 |0
341|1307119105|5206220|b0 4f 62 59 e4 f3 b6 9d 58 d7 4a 21 0c fb 1e e5 00 5f 32 e9 34 03 86 2d a8 e7 1a b1 5c 0b ee 75 |0
342|1311919105|5209970|bd f8 f7 ea 41 ac 1b be 05 a0 7f d2 09 d4 23 26 4d 48 07 ba d1 fc 2b 8e 95 f0 8f a2 99 24 33 f6 |0
343|1312879105|5213720|ca a1 8c 7b 9e 65 80 df b2 69 b4 83 06 ad 28 67 9a 31 dc 8b 6e f5 d0 ef 82 f9 04 93 d6 3d 78 77 |0
344|1313839105|5217470|d7 4a 21 0c fb 1e e5 00 5f 32 e9 34 03 86 2d a8 e7 1a b1 5c 0b ee 75 50 6f 02 79 84 13 56 bd f8 |0
345|1314799105|5238095|e4 f3 b6 9d 58 d7 4a 21 0c fb 1e e5 00 5f 32 e9 34 03 86 2d a8 e7 1a b1 5c 0b ee 75 50 6f 02 79 |0
346|1320079105|5241845|f1 9c 4b 2e b5 90 af 42 b9 c4 53 96 fd 38 37 2a 81 ec 5b fe 45 e0 bf 12 49 14 63 66 8d 88 47 fa |0
347|1321039105|5245595|fe 45 e0 bf 12 49 14 63 66 8d 88 47 fa 11 3c 6b ce d5 30 cf e2 d9 64 73 36 1d d8 57 ca a1 8c 7b |0
348|1321999105|5273720|0b ee 75 50 6f 02 79 84 13 56 bd f8 f7 ea 41 ac 1b be 05 a0 7f d2 09 d4 23 26 4d 48 07 ba d1 fc |0
349|1329199105|5277470|18 97 0a e1 cc bb de a5 c0 1f f2 a9 f4 c3 46 ed 68 a7 da 71 1c cb ae 35 10 2f c2 39 44 d3 16 7d |0
