0|2767616|3567153|2f c2 39 44 d3 16 7d b8 b7 aa 01 6c db 7e c5 60 3f 92 c9 94 e3 e6 0d 08 c7 7a 91 bc eb 4e 55 b0 |-127
1|4767744|3574478|3c 6b ce d5 30 cf e2 d9 64 73 36 1d d8 57 ca a1 8c 7b 9e 65 80 df b2 69 b4 83 06 ad 28 67 9a 31 |-127
2|6767616|3580826|49 14 63 66 8d 88 47 fa 11 3c 6b ce d5 30 cf e2 d9 64 73 36 1d d8 57 ca a1 8c 7b 9e 65 80 df b2 |-127
3|8767744|3590104|56 bd f8 f7 ea 41 ac 1b be 05 a0 7f d2 09 d4 23 26 4d 48 07 ba d1 fc 2b 8e 95 f0 8f a2 99 24 33 |-127
4|10767616|3597428|63 66 8d 88 47 fa 11 3c 6b ce d5 30 cf e2 d9 64 73 36 1d d8 57 ca a1 8c 7b 9e 65 80 df b2 69 b4 |-127
5|12767744|3603776|70 0f 22 19 a4 b3 76 5d 18 97 0a e1 cc bb de a5 c0 1f f2 a9 f4 c3 46 ed 68 a7 da 71 1c cb ae 35 |-127
6|14767616|3611105|7d b8 b7 aa 01 6c db 7e c5 60 3f 92 c9 94 e3 e6 0d 08 c7 7a 91 bc eb 4e 55 b0 4f 62 59 e4 f3 b6 |-127
7|16767744|3619889|8a 61 4c 3b 5e 25 40 9f 72 29 74 43 c6 6d e8 27 5a f1 9c 4b 2e b5 90 af 42 b9 c4 53 96 fd 38 37 |-127
8|18767872|3628190|97 0a e1 cc bb de a5 c0 1f f2 a9 f4 c3 46 ed 68 a7 da 71 1c cb ae 35 10 2f c2 39 44 d3 16 7d b8 |-127
9|20767744|3634543|a4 b3 76 5d 18 97 0a e1 cc bb de a5 c0 1f f2 a9 f4 c3 46 ed 68 a7 da 71 1c cb ae 35 10 2f c2 39 |-127
10|22767872|3643327|b1 5c 0b ee 75 50 6f 02 79 84 13 56 bd f8 f7 ea 41 ac 1b be 05 a0 7f d2 09 d4 23 26 4d 48 07 ba |-127
11|24767744|3653092|be 05 a0 7f d2 09 d4 23 26 4d 48 07 ba d1 fc 2b 8e 95 f0 8f a2 99 24 33 f6 dd 98 17 8a 61 4c 3b |-127
12|26767872|3658463|cb ae 35 10 2f c2 39 44 d3 16 7d b8 b7 aa 01 6c db 7e c5 60 3f 92 c9 94 e3 e6 0d 08 c7 7a 91 bc |-127
13|28767744|3667253|d8 57 ca a1 8c 7b 9e 65 80 df b2 69 b4 83 06 ad 28 67 9a 31 dc 8b 6e f5 d0 ef 82 f9 04 93 d6 3d |-127
14|30767872|3674577|e5 00 5f 32 e9 34 03 86 2d a8 e7 1a b1 5c 0b ee 75 50 6f 02 79 84 13 56 bd f8 f7 ea 41 ac 1b be |-127
15|32767744|3681418|f2 a9 f4 c3 46 ed 68 a7 da 71 1c cb ae 35 10 2f c2 39 44 d3 16 7d b8 b7 aa 01 6c db 7e c5 60 3f |-127
16|34767872|3689231|2f c2 39 44 d3 16 7d b8 b7 aa 01 6c db 7e c5 60 3f 92 c9 94 e3 e6 0d 08 c7 7a 91 bc eb 4e 55 b0 |-127
17|36768000|3699479|3c 6b ce d5 30 cf e2 d9 64 73 36 1d d8 57 ca a1 8c 7b 9e 65 80 df b2 69 b4 83 06 ad 28 67 9a 31 |-127
18|38767872|3704856|49 14 63 66 8d 88 47 fa 11 3c 6b ce d5 30 cf e2 d9 64 73 36 1d d8 57 ca a1 8c 7b 9e 65 80 df b2 |-127
19|40768000|3712669|56 bd f8 f7 ea 41 ac 1b be 05 a0 7f d2 09 d4 23 26 4d 48 07 ba d1 fc 2b 8e 95 f0 8f a2 99 24 33 |-127
20|42767872|3720481|63 66 8d 88 47 fa 11 3c 6b ce d5 30 cf e2 d9 64 73 36 1d d8 57 ca a1 8c 7b 9e 65 80 df b2 69 b4 |-127
21|44768000|3728294|70 0f 22 19 a4 b3 76 5d 18 97 0a e1 cc bb de a5 c0 1f f2 a9 f4 c3 46 ed 68 a7 da 71 1c cb ae 35 |-127
22|46767872|3737566|7d b8 b7 aa 01 6c db 7e c5 60 3f 92 c9 94 e3 e6 0d 08 c7 7a 91 bc eb 4e 55 b0 4f 62 59 e4 f3 b6 |-127
23|48768000|3746843|8a 61 4c 3b 5e 25 40 9f 72 29 74 43 c6 6d e8 27 5a f1 9c 4b 2e b5 90 af 42 b9 c4 53 96 fd 38 37 |-127
24|50768128|3752702|97 0a e1 cc bb de a5 c0 1f f2 a9 f4 c3 46 ed 68 a7 da 71 1c cb ae 35 10 2f c2 39 44 d3 16 7d b8 |-127
25|52768000|3759544|a4 b3 76 5d 18 97 0a e1 cc bb de a5 c0 1f f2 a9 f4 c3 46 ed 68 a7 da 71 1c cb ae 35 10 2f c2 39 |-127
26|54768128|3768816|b1 5c 0b ee 75 50 6f 02 79 84 13 56 bd f8 f7 ea 41 ac 1b be 05 a0 7f d2 09 d4 23 26 4d 48 07 ba |-127
27|56768000|3777605|be 05 a0 7f d2 09 d4 23 26 4d 48 07 ba d1 fc 2b 8e 95 f0 8f a2 99 24 33 f6 dd 98 17 8a 61 4c 3b |-127
28|58768128|3783464|cb ae 35 10 2f c2 39 44 d3 16 7d b8 b7 aa 01 6c db 7e c5 60 3f 92 c9 94 e3 e6 0d 08 c7 7a 91 bc |-127
29|60768000|3793718|d8 57 ca a1 8c 7b 9e 65 80 df b2 69 b4 83 06 ad 28 67 9a 31 dc 8b 6e f5 d0 ef 82 f9 04 93 d6 3d |-127
30|62768128|3798607|e5 00 5f 32 e9 34 03 86 2d a8 e7 1a b1 5c 0b ee 75 50 6f 02 79 84 13 56 bd f8 f7 ea 41 ac 1b be |-127
31|64768000|3809343|f2 a9 f4 c3 46 ed 68 a7 da 71 1c cb ae 35 10 2f c2 39 44 d3 16 7d b8 b7 aa 01 6c db 7e c5 60 3f |-127
32|66768128|3814714|cf e2 d9 64 73 36 1d d8 57 ca a1 8c 7b 9e 65 80 df b2 69 b4 83 06 ad 28 67 9a 31 dc 8b 6e f5 d0 |-127
33|68768256|3823015|dc 8b 6e f5 d0 ef 82 f9 04 93 d6 3d 78 77 6a c1 2c 9b 3e 85 20 ff 52 89 54 a3 a6 cd c8 87 3a 51 |-127
34|70768128|3831780|e9 34 03 86 2d a8 e7 1a b1 5c 0b ee 75 50 6f 02 79 84 13 56 bd f8 f7 ea 41 ac 1b be 05 a0 7f d2 |-54
35|72768256|3840105|f6 dd 98 17 8a 61 4c 3b 5e 25 40 9f 72 29 74 43 c6 6d e8 27 5a f1 9c 4b 2e b5 90 af 42 b9 c4 53 |-127
36|74768128|3846177|03 86 2d a8 e7 1a b1 5c 0b ee 75 50 6f 02 79 84 13 56 bd f8 f7 ea 41 ac 1b be 05 a0 7f d2 09 d4 |-127
37|76768256|3855242|10 2f c2 39 44 d3 16 7d b8 b7 aa 01 6c db 7e c5 60 3f 92 c9 94 e3 e6 0d 08 c7 7a 91 bc eb 4e 55 |-127
38|78768128|3863055|1d d8 57 ca a1 8c 7b 9e 65 80 df b2 69 b4 83 06 ad 28 67 9a 31 dc 8b 6e f5 d0 ef 82 f9 04 93 d6 |-127
39|80768256|3869402|2a 81 ec 5b fe 45 e0 bf 12 49 14 63 66 8d 88 47 fa 11 3c 6b ce d5 30 cf e2 d9 64 73 36 1d d8 57 |-127
40|82768384|3879656|37 2a 81 ec 5b fe 45 e0 bf 12 49 14 63 66 8d 88 47 fa 11 3c 6b ce d5 30 cf e2 d9 64 73 36 1d d8 |-127
41|84768256|3886004|44 d3 16 7d b8 b7 aa 01 6c db 7e c5 60 3f 92 c9 94 e3 e6 0d 08 c7 7a 91 bc eb 4e 55 b0 4f 62 59 |-127
42|86768384|3894305|51 7c ab 0e 15 70 0f 22 19 a4 b3 76 5d 18 97 0a e1 cc bb de a5 c0 1f f2 a9 f4 c3 46 ed 68 a7 da |-127
43|88768256|3900653|5e 25 40 9f 72 29 74 43 c6 6d e8 27 5a f1 9c 4b 2e b5 90 af 42 b9 c4 53 96 fd 38 37 2a 81 ec 5b |-127
44|90768384|3910418|6b ce d5 30 cf e2 d9 64 73 36 1d d8 57 ca a1 8c 7b 9e 65 80 df b2 69 b4 83 06 ad 28 67 9a 31 dc |-127
45|92768256|3917743|78 77 6a c1 2c 9b 3e 85 20 ff 52 89 54 a3 a6 cd c8 87 3a 51 7c ab 0e 15 70 0f 22 19 a4 b3 76 5d |-127
46|94768384|3925555|85 20 ff 52 89 54 a3 a6 cd c8 87 3a 51 7c ab 0e 15 70 0f 22 19 a4 b3 76 5d 18 97 0a e1 cc bb de |-127
47|96768256|3933856|92 c9 94 e3 e6 0d 08 c7 7a 91 bc eb 4e 55 b0 4f 62 59 e4 f3 b6 9d 58 d7 4a 21 0c fb 1e e5 00 5f |-127
48|98768384|3941180|cf e2 d9 64 73 36 1d d8 57 ca a1 8c 7b 9e 65 80 df b2 69 b4 83 06 ad 28 67 9a 31 dc 8b 6e f5 d0 |-127
49|100768512|3949481|dc 8b 6e f5 d0 ef 82 f9 04 93 d6 3d 78 77 6a c1 2c 9b 3e 85 20 ff 52 89 54 a3 a6 cd c8 87 3a 51 |-127
50|102768384|3957294|e9 34 03 86 2d a8 e7 1a b1 5c 0b ee 75 50 6f 02 79 84 13 56 bd f8 f7 ea 41 ac 1b be 05 a0 7f d2 |-127
51|104768512|3963153|f6 dd 98 17 8a 61 4c 3b 5e 25 40 9f 72 29 74 43 c6 6d e8 27 5a f1 9c 4b 2e b5 90 af 42 b9 c4 53 |-127
52|106768384|3970483|03 86 2d a8 e7 1a b1 5c 0b ee 75 50 6f 02 79 84 13 56 bd f8 f7 ea 41 ac 1b be 05 a0 7f d2 09 d4 |-127
53|108768512|3979266|10 2f c2 39 44 d3 16 7d b8 b7 aa 01 6c db 7e c5 60 3f 92 c9 94 e3 e6 0d 08 c7 7a 91 bc eb 4e 55 |-127
54|110768384|3988056|1d d8 57 ca a1 8c 7b 9e 65 80 df b2 69 b4 83 06 ad 28 67 9a 31 dc 8b 6e f5 d0 ef 82 f9 04 93 d6 |-127
55|112768512|3994892|2a 81 ec 5b fe 45 e0 bf 12 49 14 63 66 8d 88 47 fa 11 3c 6b ce d5 30 cf e2 d9 64 73 36 1d d8 57 |-127
56|114768384|4003192|37 2a 81 ec 5b fe 45 e0 bf 12 49 14 63 66 8d 88 47 fa 11 3c 6b ce d5 30 cf e2 d9 64 73 36 1d d8 |-127
57|116768512|4011981|44 d3 16 7d b8 b7 aa 01 6c db 7e c5 60 3f 92 c9 94 e3 e6 0d 08 c7 7a 91 bc eb 4e 55 b0 4f 62 59 |-127
58|118768640|4018329|51 7c ab 0e 15 70 0f 22 19 a4 b3 76 5d 18 97 0a e1 cc bb de a5 c0 1f f2 a9 f4 c3 46 ed 68 a7 da |-127
59|120768512|4028095|5e 25 40 9f 72 29 74 43 c6 6d e8 27 5a f1 9c 4b 2e b5 90 af 42 b9 c4 53 96 fd 38 37 2a 81 ec 5b |-127
60|122768640|4035419|6b ce d5 30 cf e2 d9 64 73 36 1d d8 57 ca a1 8c 7b 9e 65 80 df b2 69 b4 83 06 ad 28 67 9a 31 dc |-127
61|124768512|4042743|78 77 6a c1 2c 9b 3e 85 20 ff 52 89 54 a3 a6 cd c8 87 3a 51 7c ab 0e 15 70 0f 22 19 a4 b3 76 5d |-127
62|126768640|4050068|85 20 ff 52 89 54 a3 a6 cd c8 87 3a 51 7c ab 0e 15 70 0f 22 19 a4 b3 76 5d 18 97 0a e1 cc bb de |-127
63|128768512|4058857|92 c9 94 e3 e6 0d 08 c7 7a 91 bc eb 4e 55 b0 4f 62 59 e4 f3 b6 9d 58 d7 4a 21 0c fb 1e e5 00 5f |-127
64|130768640|4064233|6f 02 79 84 13 56 bd f8 f7 ea 41 ac 1b be 05 a0 7f d2 09 d4 23 26 4d 48 07 ba d1 fc 2b 8e 95 f0 |-127
65|132768768|4072046|7c ab 0e 15 70 0f 22 19 a4 b3 76 5d 18 97 0a e1 cc bb de a5 c0 1f f2 a9 f4 c3 46 ed 68 a7 da 71 |-127
66|134768640|4080830|89 54 a3 a6 cd c8 87 3a 51 7c ab 0e 15 70 0f 22 19 a4 b3 76 5d 18 97 0a e1 cc bb de a5 c0 1f f2 |-127
67|136768768|4090107|96 fd 38 37 2a 81 ec 5b fe 45 e0 bf 12 49 14 63 66 8d 88 47 fa 11 3c 6b ce d5 30 cf e2 d9 64 73 |-127
68|138768640|4095966|a3 a6 cd c8 87 3a 51 7c ab 0e 15 70 0f 22 19 a4 b3 76 5d 18 97 0a e1 cc bb de a5 c0 1f f2 a9 f4 |-127
69|140768768|4105244|b0 4f 62 59 e4 f3 b6 9d 58 d7 4a 21 0c fb 1e e5 00 5f 32 e9 34 03 86 2d a8 e7 1a b1 5c 0b ee 75 |-127
70|142768640|4111592|bd f8 f7 ea 41 ac 1b be 05 a0 7f d2 09 d4 23 26 4d 48 07 ba d1 fc 2b 8e 95 f0 8f a2 99 24 33 f6 |-127
71|144768768|4119892|ca a1 8c 7b 9e 65 80 df b2 69 b4 83 06 ad 28 67 9a 31 dc 8b 6e f5 d0 ef 82 f9 04 93 d6 3d 78 77 |-127
72|146768640|4127217|d7 4a 21 0c fb 1e e5 00 5f 32 e9 34 03 86 2d a8 e7 1a b1 5c 0b ee 75 50 6f 02 79 84 13 56 bd f8 |-127
73|148768768|4135517|e4 f3 b6 9d 58 d7 4a 21 0c fb 1e e5 00 5f 32 e9 34 03 86 2d a8 e7 1a b1 5c 0b ee 75 50 6f 02 79 |-127
74|150768896|4144307|f1 9c 4b 2e b5 90 af 42 b9 c4 53 96 fd 38 37 2a 81 ec 5b fe 45 e0 bf 12 49 14 63 66 8d 88 47 fa |-127
75|152768768|4150654|fe 45 e0 bf 12 49 14 63 66 8d 88 47 fa 11 3c 6b ce d5 30 cf e2 d9 64 73 36 1d d8 57 ca a1 8c 7b |-127
76|154768896|4159932|0b ee 75 50 6f 02 79 84 13 56 bd f8 f7 ea 41 ac 1b be 05 a0 7f d2 09 d4 23 26 4d 48 07 ba d1 fc |-127
77|156768768|4167256|18 97 0a e1 cc bb de a5 c0 1f f2 a9 f4 c3 46 ed 68 a7 da 71 1c cb ae 35 10 2f c2 39 44 d3 16 7d |-127
78|158768896|4173609|25 40 9f 72 29 74 43 c6 6d e8 27 5a f1 9c 4b 2e b5 90 af 42 b9 c4 53 96 fd 38 37 2a 81 ec 5b fe |-127
79|160768768|4181905|32 e9 34 03 86 2d a8 e7 1a b1 5c 0b ee 75 50 6f 02 79 84 13 56 bd f8 f7 ea 41 ac 1b be 05 a0 7f |-127
80|162768896|4192158|6f 02 79 84 13 56 bd f8 f7 ea 41 ac 1b be 05 a0 7f d2 09 d4 23 26 4d 48 07 ba d1 fc 2b 8e 95 f0 |-127
81|164769024|4199483|7c ab 0e 15 70 0f 22 19 a4 b3 76 5d 18 97 0a e1 cc bb de a5 c0 1f f2 a9 f4 c3 46 ed 68 a7 da 71 |-127
82|166768896|4207295|89 54 a3 a6 cd c8 87 3a 51 7c ab 0e 15 70 0f 22 19 a4 b3 76 5d 18 97 0a e1 cc bb de a5 c0 1f f2 |-127
83|168769024|4213643|96 fd 38 37 2a 81 ec 5b fe 45 e0 bf 12 49 14 63 66 8d 88 47 fa 11 3c 6b ce d5 30 cf e2 d9 64 73 |-127
84|170768896|4221456|a3 a6 cd c8 87 3a 51 7c ab 0e 15 70 0f 22 19 a4 b3 76 5d 18 97 0a e1 cc bb de a5 c0 1f f2 a9 f4 |-127
85|172769024|4230245|b0 4f 62 59 e4 f3 b6 9d 58 d7 4a 21 0c fb 1e e5 00 5f 32 e9 34 03 86 2d a8 e7 1a b1 5c 0b ee 75 |-127
86|174768896|4239034|bd f8 f7 ea 41 ac 1b be 05 a0 7f d2 09 d4 23 26 4d 48 07 ba d1 fc 2b 8e 95 f0 8f a2 99 24 33 f6 |-127
87|176769024|4245382|ca a1 8c 7b 9e 65 80 df b2 69 b4 83 06 ad 28 67 9a 31 dc 8b 6e f5 d0 ef 82 f9 04 93 d6 3d 78 77 |-127
88|178768896|4252706|d7 4a 21 0c fb 1e e5 00 5f 32 e9 34 03 86 2d a8 e7 1a b1 5c 0b ee 75 50 6f 02 79 84 13 56 bd f8 |-127
89|180769024|4261007|e4 f3 b6 9d 58 d7 4a 21 0c fb 1e e5 00 5f 32 e9 34 03 86 2d a8 e7 1a b1 5c 0b ee 75 50 6f 02 79 |-127
90|182769152|4269796|f1 9c 4b 2e b5 90 af 42 b9 c4 53 96 fd 38 37 2a 81 ec 5b fe 45 e0 bf 12 49 14 63 66 8d 88 47 fa |-127
91|184769024|4277608|fe 45 e0 bf 12 49 14 63 66 8d 88 47 fa 11 3c 6b ce d5 30 cf e2 d9 64 73 36 1d d8 57 ca a1 8c 7b |-127
92|186769152|4286397|0b ee 75 50 6f 02 79 84 13 56 bd f8 f7 ea 41 ac 1b be 05 a0 7f d2 09 d4 23 26 4d 48 07 ba d1 fc |-127
93|188769024|4291769|18 97 0a e1 cc bb de a5 c0 1f f2 a9 f4 c3 46 ed 68 a7 da 71 1c cb ae 35 10 2f c2 39 44 d3 16 7d |-127
94|190769152|4299581|25 40 9f 72 29 74 43 c6 6d e8 27 5a f1 9c 4b 2e b5 90 af 42 b9 c4 53 96 fd 38 37 2a 81 ec 5b fe |-127
95|192769024|4308370|32 e9 34 03 86 2d a8 e7 1a b1 5c 0b ee 75 50 6f 02 79 84 13 56 bd f8 f7 ea 41 ac 1b be 05 a0 7f |-127
96|194769152|4316671|0f 22 19 a4 b3 76 5d 18 97 0a e1 cc bb de a5 c0 1f f2 a9 f4 c3 46 ed 68 a7 da 71 1c cb ae 35 10 |-127
97|196769024|4322530|1c cb ae 35 10 2f c2 39 44 d3 16 7d b8 b7 aa 01 6c db 7e c5 60 3f 92 c9 94 e3 e6 0d 08 c7 7a 91 |-127
98|198769152|4333273|29 74 43 c6 6d e8 27 5a f1 9c 4b 2e b5 90 af 42 b9 c4 53 96 fd 38 37 2a 81 ec 5b fe 45 e0 bf 12 |-127
99|200769280|4339132|36 1d d8 57 ca a1 8c 7b 9e 65 80 df b2 69 b4 83 06 ad 28 67 9a 31 dc 8b 6e f5 d0 ef 82 f9 04 93 |-127
100|202769152|4345485|43 c6 6d e8 27 5a f1 9c 4b 2e b5 90 af 42 b9 c4 53 96 fd 38 37 2a 81 ec 5b fe 45 e0 bf 12 49 14 |-127
101|204769280|4354269|50 6f 02 79 84 13 56 bd f8 f7 ea 41 ac 1b be 05 a0 7f d2 09 d4 23 26 4d 48 07 ba d1 fc 2b 8e 95 |-127
102|206769152|4362082|5d 18 97 0a e1 cc bb de a5 c0 1f f2 a9 f4 c3 46 ed 68 a7 da 71 1c cb ae 35 10 2f c2 39 44 d3 16 |-127
103|208769280|4368923|6a c1 2c 9b 3e 85 20 ff 52 89 54 a3 a6 cd c8 87 3a 51 7c ab 0e 15 70 0f 22 19 a4 b3 76 5d 18 97 |-127
104|210769152|4379660|77 6a c1 2c 9b 3e 85 20 ff 52 89 54 a3 a6 cd c8 87 3a 51 7c ab 0e 15 70 0f 22 19 a4 b3 76 5d 18 |-127
105|212769280|4387472|84 13 56 bd f8 f7 ea 41 ac 1b be 05 a0 7f d2 09 d4 23 26 4d 48 07 ba d1 fc 2b 8e 95 f0 8f a2 99 |-127
106|214769408|4392361|91 bc eb 4e 55 b0 4f 62 59 e4 f3 b6 9d 58 d7 4a 21 0c fb 1e e5 00 5f 32 e9 34 03 86 2d a8 e7 1a |-127
107|216769280|4400656|9e 65 80 df b2 69 b4 83 06 ad 28 67 9a 31 dc 8b 6e f5 d0 ef 82 f9 04 93 d6 3d 78 77 6a c1 2c 9b |-127
108|218769408|4409445|ab 0e 15 70 0f 22 19 a4 b3 76 5d 18 97 0a e1 cc bb de a5 c0 1f f2 a9 f4 c3 46 ed 68 a7 da 71 1c |-127
109|220769280|4418234|b8 b7 aa 01 6c db 7e c5 60 3f 92 c9 94 e3 e6 0d 08 c7 7a 91 bc eb 4e 55 b0 4f 62 59 e4 f3 b6 9d |-127
110|222769408|4423611|c5 60 3f 92 c9 94 e3 e6 0d 08 c7 7a 91 bc eb 4e 55 b0 4f 62 59 e4 f3 b6 9d 58 d7 4a 21 0c fb 1e |-127
111|224769280|4433859|d2 09 d4 23 26 4d 48 07 ba d1 fc 2b 8e 95 f0 8f a2 99 24 33 f6 dd 98 17 8a 61 4c 3b 5e 25 40 9f |-127
112|226769408|4441184|0f 22 19 a4 b3 76 5d 18 97 0a e1 cc bb de a5 c0 1f f2 a9 f4 c3 46 ed 68 a7 da 71 1c cb ae 35 10 |-127
113|228769280|4450949|1c cb ae 35 10 2f c2 39 44 d3 16 7d b8 b7 aa 01 6c db 7e c5 60 3f 92 c9 94 e3 e6 0d 08 c7 7a 91 |-127
114|230769408|4456809|29 74 43 c6 6d e8 27 5a f1 9c 4b 2e b5 90 af 42 b9 c4 53 96 fd 38 37 2a 81 ec 5b fe 45 e0 bf 12 |-127
115|232769536|4464133|36 1d d8 57 ca a1 8c 7b 9e 65 80 df b2 69 b4 83 06 ad 28 67 9a 31 dc 8b 6e f5 d0 ef 82 f9 04 93 |-127
116|234769408|4471946|43 c6 6d e8 27 5a f1 9c 4b 2e b5 90 af 42 b9 c4 53 96 fd 38 37 2a 81 ec 5b fe 45 e0 bf 12 49 14 |-127
117|236769536|4482200|50 6f 02 79 84 13 56 bd f8 f7 ea 41 ac 1b be 05 a0 7f d2 09 d4 23 26 4d 48 07 ba d1 fc 2b 8e 95 |-127
118|238769408|4487082|5d 18 97 0a e1 cc bb de a5 c0 1f f2 a9 f4 c3 46 ed 68 a7 da 71 1c cb ae 35 10 2f c2 39 44 d3 16 |-127
119|240769536|4496360|6a c1 2c 9b 3e 85 20 ff 52 89 54 a3 a6 cd c8 87 3a 51 7c ab 0e 15 70 0f 22 19 a4 b3 76 5d 18 97 |-127
120|242769408|4501736|77 6a c1 2c 9b 3e 85 20 ff 52 89 54 a3 a6 cd c8 87 3a 51 7c ab 0e 15 70 0f 22 19 a4 b3 76 5d 18 |-127
121|244769536|4511985|84 13 56 bd f8 f7 ea 41 ac 1b be 05 a0 7f d2 09 d4 23 26 4d 48 07 ba d1 fc 2b 8e 95 f0 8f a2 99 |-127
122|246769664|4517844|91 bc eb 4e 55 b0 4f 62 59 e4 f3 b6 9d 58 d7 4a 21 0c fb 1e e5 00 5f 32 e9 34 03 86 2d a8 e7 1a |-127
123|248769536|4526633|9e 65 80 df b2 69 b4 83 06 ad 28 67 9a 31 dc 8b 6e f5 d0 ef 82 f9 04 93 d6 3d 78 77 6a c1 2c 9b |-127
124|250769664|4535423|ab 0e 15 70 0f 22 19 a4 b3 76 5d 18 97 0a e1 cc bb de a5 c0 1f f2 a9 f4 c3 46 ed 68 a7 da 71 1c |-127
125|252769536|4540799|b8 b7 aa 01 6c db 7e c5 60 3f 92 c9 94 e3 e6 0d 08 c7 7a 91 bc eb 4e 55 b0 4f 62 59 e4 f3 b6 9d |-127
126|254769664|4548612|c5 60 3f 92 c9 94 e3 e6 0d 08 c7 7a 91 bc eb 4e 55 b0 4f 62 59 e4 f3 b6 9d 58 d7 4a 21 0c fb 1e |-127
127|256769536|4558372|d2 09 d4 23 26 4d 48 07 ba d1 fc 2b 8e 95 f0 8f a2 99 24 33 f6 dd 98 17 8a 61 4c 3b 5e 25 40 9f |-127
128|258769664|4567161|af 42 b9 c4 53 96 fd 38 37 2a 81 ec 5b fe 45 e0 bf 12 49 14 63 66 8d 88 47 fa 11 3c 6b ce d5 30 |-127
129|260769536|4573020|bc eb 4e 55 b0 4f 62 59 e4 f3 b6 9d 58 d7 4a 21 0c fb 1e e5 00 5f 32 e9 34 03 86 2d a8 e7 1a b1 |-127
130|262769664|4581321|c9 94 e3 e6 0d 08 c7 7a 91 bc eb 4e 55 b0 4f 62 59 e4 f3 b6 9d 58 d7 4a 21 0c fb 1e e5 00 5f 32 |-127
131|264769792|4588646|d6 3d 78 77 6a c1 2c 9b 3e 85 20 ff 52 89 54 a3 a6 cd c8 87 3a 51 7c ab 0e 15 70 0f 22 19 a4 b3 |-127
132|266769664|4596458|e3 e6 0d 08 c7 7a 91 bc eb 4e 55 b0 4f 62 59 e4 f3 b6 9d 58 d7 4a 21 0c fb 1e e5 00 5f 32 e9 34 |-127
133|268769792|4604759|f0 8f a2 99 24 33 f6 dd 98 17 8a 61 4c 3b 5e 25 40 9f 72 29 74 43 c6 6d e8 27 5a f1 9c 4b 2e b5 |-127
134|270769664|4612083|fd 38 37 2a 81 ec 5b fe 45 e0 bf 12 49 14 63 66 8d 88 47 fa 11 3c 6b ce d5 30 cf e2 d9 64 73 36 |-127
135|272769792|4620872|0a e1 cc bb de a5 c0 1f f2 a9 f4 c3 46 ed 68 a7 da 71 1c cb ae 35 10 2f c2 39 44 d3 16 7d b8 b7 |-127
136|274769664|4628197|17 8a 61 4c 3b 5e 25 40 9f 72 29 74 43 c6 6d e8 27 5a f1 9c 4b 2e b5 90 af 42 b9 c4 53 96 fd 38 |-127
137|276769792|4636473|24 33 f6 dd 98 17 8a 61 4c 3b 5e 25 40 9f 72 29 74 43 c6 6d e8 27 5a f1 9c 4b 2e b5 90 af 42 b9 |-58
138|278769664|4642845|31 dc 8b 6e f5 d0 ef 82 f9 04 93 d6 3d 78 77 6a c1 2c 9b 3e 85 20 ff 52 89 54 a3 a6 cd c8 87 3a |-127
139|280769792|4651634|3e 85 20 ff 52 89 54 a3 a6 cd c8 87 3a 51 7c ab 0e 15 70 0f 22 19 a4 b3 76 5d 18 97 0a e1 cc bb |-127
140|282769920|4659935|4b 2e b5 90 af 42 b9 c4 53 96 fd 38 37 2a 81 ec 5b fe 45 e0 bf 12 49 14 63 66 8d 88 47 fa 11 3c |-127
141|284769792|4665800|58 d7 4a 21 0c fb 1e e5 00 5f 32 e9 34 03 86 2d a8 e7 1a b1 5c 0b ee 75 50 6f 02 79 84 13 56 bd |-127
142|286769920|4675560|65 80 df b2 69 b4 83 06 ad 28 67 9a 31 dc 8b 6e f5 d0 ef 82 f9 04 93 d6 3d 78 77 6a c1 2c 9b 3e |-127
143|288769792|4682396|72 29 74 43 c6 6d e8 27 5a f1 9c 4b 2e b5 90 af 42 b9 c4 53 96 fd 38 37 2a 81 ec 5b fe 45 e0 bf |-127
144|290769920|4690209|af 42 b9 c4 53 96 fd 38 37 2a 81 ec 5b fe 45 e0 bf 12 49 14 63 66 8d 88 47 fa 11 3c 6b ce d5 30 |-127
145|292769792|4699974|bc eb 4e 55 b0 4f 62 59 e4 f3 b6 9d 58 d7 4a 21 0c fb 1e e5 00 5f 32 e9 34 03 86 2d a8 e7 1a b1 |-127
146|294769920|4704863|c9 94 e3 e6 0d 08 c7 7a 91 bc eb 4e 55 b0 4f 62 59 e4 f3 b6 9d 58 d7 4a 21 0c fb 1e e5 00 5f 32 |-127
147|296770048|4713158|d6 3d 78 77 6a c1 2c 9b 3e 85 20 ff 52 89 54 a3 a6 cd c8 87 3a 51 7c ab 0e 15 70 0f 22 19 a4 b3 |-127
148|298769920|4720971|e3 e6 0d 08 c7 7a 91 bc eb 4e 55 b0 4f 62 59 e4 f3 b6 9d 58 d7 4a 21 0c fb 1e e5 00 5f 32 e9 34 |-127
149|300770048|4728300|f0 8f a2 99 24 33 f6 dd 98 17 8a 61 4c 3b 5e 25 40 9f 72 29 74 43 c6 6d e8 27 5a f1 9c 4b 2e b5 |-127
150|302769920|4738549|fd 38 37 2a 81 ec 5b fe 45 e0 bf 12 49 14 63 66 8d 88 47 fa 11 3c 6b ce d5 30 cf e2 d9 64 73 36 |-127
151|304770048|4743926|0a e1 cc bb de a5 c0 1f f2 a9 f4 c3 46 ed 68 a7 da 71 1c cb ae 35 10 2f c2 39 44 d3 16 7d b8 b7 |-127
152|306769920|4754174|17 8a 61 4c 3b 5e 25 40 9f 72 29 74 43 c6 6d e8 27 5a f1 9c 4b 2e b5 90 af 42 b9 c4 53 96 fd 38 |-127
153|308770048|4761498|24 33 f6 dd 98 17 8a 61 4c 3b 5e 25 40 9f 72 29 74 43 c6 6d e8 27 5a f1 9c 4b 2e b5 90 af 42 b9 |-127
154|310769920|4768334|31 dc 8b 6e f5 d0 ef 82 f9 04 93 d6 3d 78 77 6a c1 2c 9b 3e 85 20 ff 52 89 54 a3 a6 cd c8 87 3a |-127
155|312770048|4775659|3e 85 20 ff 52 89 54 a3 a6 cd c8 87 3a 51 7c ab 0e 15 70 0f 22 19 a4 b3 76 5d 18 97 0a e1 cc bb |-127
156|314770176|4787377|4b 2e b5 90 af 42 b9 c4 53 96 fd 38 37 2a 81 ec 5b fe 45 e0 bf 12 49 14 63 66 8d 88 47 fa 11 3c |-127
157|316770048|4793725|58 d7 4a 21 0c fb 1e e5 00 5f 32 e9 34 03 86 2d a8 e7 1a b1 5c 0b ee 75 50 6f 02 79 84 13 56 bd |-127
158|318770176|4800073|65 80 df b2 69 b4 83 06 ad 28 67 9a 31 dc 8b 6e f5 d0 ef 82 f9 04 93 d6 3d 78 77 6a c1 2c 9b 3e |-127
159|320770048|4809350|72 29 74 43 c6 6d e8 27 5a f1 9c 4b 2e b5 90 af 42 b9 c4 53 96 fd 38 37 2a 81 ec 5b fe 45 e0 bf |-127
160|322770176|4816186|4f 62 59 e4 f3 b6 9d 58 d7 4a 21 0c fb 1e e5 00 5f 32 e9 34 03 86 2d a8 e7 1a b1 5c 0b ee 75 50 |-127
161|324770048|4823999|5c 0b ee 75 50 6f 02 79 84 13 56 bd f8 f7 ea 41 ac 1b be 05 a0 7f d2 09 d4 23 26 4d 48 07 ba d1 |-127
162|326770176|4830835|69 b4 83 06 ad 28 67 9a 31 dc 8b 6e f5 d0 ef 82 f9 04 93 d6 3d 78 77 6a c1 2c 9b 3e 85 20 ff 52 |-127
163|328770304|4840112|76 5d 18 97 0a e1 cc bb de a5 c0 1f f2 a9 f4 c3 46 ed 68 a7 da 71 1c cb ae 35 10 2f c2 39 44 d3 |-127
164|330770176|4845972|83 06 ad 28 67 9a 31 dc 8b 6e f5 d0 ef 82 f9 04 93 d6 3d 78 77 6a c1 2c 9b 3e 85 20 ff 52 89 54 |-127
165|332770304|4854272|90 af 42 b9 c4 53 96 fd 38 37 2a 81 ec 5b fe 45 e0 bf 12 49 14 63 66 8d 88 47 fa 11 3c 6b ce d5 |-127
166|334770176|4861597|9d 58 d7 4a 21 0c fb 1e e5 00 5f 32 e9 34 03 86 2d a8 e7 1a b1 5c 0b ee 75 50 6f 02 79 84 13 56 |-127
167|336770304|4868926|aa 01 6c db 7e c5 60 3f 92 c9 94 e3 e6 0d 08 c7 7a 91 bc eb 4e 55 b0 4f 62 59 e4 f3 b6 9d 58 d7 |-127
168|338770176|4878687|b7 aa 01 6c db 7e c5 60 3f 92 c9 94 e3 e6 0d 08 c7 7a 91 bc eb 4e 55 b0 4f 62 59 e4 f3 b6 9d 58 |-127
169|340770304|4885034|c4 53 96 fd 38 37 2a 81 ec 5b fe 45 e0 bf 12 49 14 63 66 8d 88 47 fa 11 3c 6b ce d5 30 cf e2 d9 |-127
170|342770176|4895288|d1 fc 2b 8e 95 f0 8f a2 99 24 33 f6 dd 98 17 8a 61 4c 3b 5e 25 40 9f 72 29 74 43 c6 6d e8 27 5a |-127
171|344770304|4900177|de a5 c0 1f f2 a9 f4 c3 46 ed 68 a7 da 71 1c cb ae 35 10 2f c2 39 44 d3 16 7d b8 b7 aa 01 6c db |-127
172|346770432|4910913|eb 4e 55 b0 4f 62 59 e4 f3 b6 9d 58 d7 4a 21 0c fb 1e e5 00 5f 32 e9 34 03 86 2d a8 e7 1a b1 5c |-127
173|348770304|4915802|f8 f7 ea 41 ac 1b be 05 a0 7f d2 09 d4 23 26 4d 48 07 ba d1 fc 2b 8e 95 f0 8f a2 99 24 33 f6 dd |-127
174|350770432|4923614|05 a0 7f d2 09 d4 23 26 4d 48 07 ba d1 fc 2b 8e 95 f0 8f a2 99 24 33 f6 dd 98 17 8a 61 4c 3b 5e |-127
175|352770304|4932398|12 49 14 63 66 8d 88 47 fa 11 3c 6b ce d5 30 cf e2 d9 64 73 36 1d d8 57 ca a1 8c 7b 9e 65 80 df |-127
176|354770432|4941187|4f 62 59 e4 f3 b6 9d 58 d7 4a 21 0c fb 1e e5 00 5f 32 e9 34 03 86 2d a8 e7 1a b1 5c 0b ee 75 50 |-127
177|356770304|4948511|5c 0b ee 75 50 6f 02 79 84 13 56 bd f8 f7 ea 41 ac 1b be 05 a0 7f d2 09 d4 23 26 4d 48 07 ba d1 |-127
178|358770432|4956324|69 b4 83 06 ad 28 67 9a 31 dc 8b 6e f5 d0 ef 82 f9 04 93 d6 3d 78 77 6a c1 2c 9b 3e 85 20 ff 52 |-127
179|360770304|4963648|76 5d 18 97 0a e1 cc bb de a5 c0 1f f2 a9 f4 c3 46 ed 68 a7 da 71 1c cb ae 35 10 2f c2 39 44 d3 |-127
180|362770432|4970490|83 06 ad 28 67 9a 31 dc 8b 6e f5 d0 ef 82 f9 04 93 d6 3d 78 77 6a c1 2c 9b 3e 85 20 ff 52 89 54 |-127
181|364770560|4978785|90 af 42 b9 c4 53 96 fd 38 37 2a 81 ec 5b fe 45 e0 bf 12 49 14 63 66 8d 88 47 fa 11 3c 6b ce d5 |-127
182|366770432|4987086|9d 58 d7 4a 21 0c fb 1e e5 00 5f 32 e9 34 03 86 2d a8 e7 1a b1 5c 0b ee 75 50 6f 02 79 84 13 56 |-127
183|368770560|4996851|aa 01 6c db 7e c5 60 3f 92 c9 94 e3 e6 0d 08 c7 7a 91 bc eb 4e 55 b0 4f 62 59 e4 f3 b6 9d 58 d7 |-127
184|370770432|5002223|b7 aa 01 6c db 7e c5 60 3f 92 c9 94 e3 e6 0d 08 c7 7a 91 bc eb 4e 55 b0 4f 62 59 e4 f3 b6 9d 58 |-127
185|372770560|5011500|c4 53 96 fd 38 37 2a 81 ec 5b fe 45 e0 bf 12 49 14 63 66 8d 88 47 fa 11 3c 6b ce d5 30 cf e2 d9 |-127
186|374770432|5019801|d1 fc 2b 8e 95 f0 8f a2 99 24 33 f6 dd 98 17 8a 61 4c 3b 5e 25 40 9f 72 29 74 43 c6 6d e8 27 5a |-127
187|376770560|5028102|de a5 c0 1f f2 a9 f4 c3 46 ed 68 a7 da 71 1c cb ae 35 10 2f c2 39 44 d3 16 7d b8 b7 aa 01 6c db |-127
188|378770688|5035426|eb 4e 55 b0 4f 62 59 e4 f3 b6 9d 58 d7 4a 21 0c fb 1e e5 00 5f 32 e9 34 03 86 2d a8 e7 1a b1 5c |-127
189|380770560|5043238|f8 f7 ea 41 ac 1b be 05 a0 7f d2 09 d4 23 26 4d 48 07 ba d1 fc 2b 8e 95 f0 8f a2 99 24 33 f6 dd |-127
190|382770688|5051539|05 a0 7f d2 09 d4 23 26 4d 48 07 ba d1 fc 2b 8e 95 f0 8f a2 99 24 33 f6 dd 98 17 8a 61 4c 3b 5e |-127
191|384770560|5056910|12 49 14 63 66 8d 88 47 fa 11 3c 6b ce d5 30 cf e2 d9 64 73 36 1d d8 57 ca a1 8c 7b 9e 65 80 df |-127
192|386770688|5065211|ef 82 f9 04 93 d6 3d 78 77 6a c1 2c 9b 3e 85 20 ff 52 89 54 a3 a6 cd c8 87 3a 51 7c ab 0e 15 70 |-127
193|388770560|5074489|fc 2b 8e 95 f0 8f a2 99 24 33 f6 dd 98 17 8a 61 4c 3b 5e 25 40 9f 72 29 74 43 c6 6d e8 27 5a f1 |-127
194|390770688|5081813|09 d4 23 26 4d 48 07 ba d1 fc 2b 8e 95 f0 8f a2 99 24 33 f6 dd 98 17 8a 61 4c 3b 5e 25 40 9f 72 |-127
195|392770560|5088625|16 7d b8 b7 aa 01 6c db 7e c5 60 3f 92 c9 94 e3 e6 0d 08 c7 7a 91 bc eb 4e 55 b0 4f 62 59 e4 f3 |-57
196|394770688|5095973|23 26 4d 48 07 ba d1 fc 2b 8e 95 f0 8f a2 99 24 33 f6 dd 98 17 8a 61 4c 3b 5e 25 40 9f 72 29 74 |-127
197|396770816|5105251|30 cf e2 d9 64 73 36 1d d8 57 ca a1 8c 7b 9e 65 80 df b2 69 b4 83 06 ad 28 67 9a 31 dc 8b 6e f5 |-127
198|398770688|5113551|3d 78 77 6a c1 2c 9b 3e 85 20 ff 52 89 54 a3 a6 cd c8 87 3a 51 7c ab 0e 15 70 0f 22 19 a4 b3 76 |-127
199|400770816|5119411|4a 21 0c fb 1e e5 00 5f 32 e9 34 03 86 2d a8 e7 1a b1 5c 0b ee 75 50 6f 02 79 84 13 56 bd f8 f7 |-127
200|402770688|5128200|57 ca a1 8c 7b 9e 65 80 df b2 69 b4 83 06 ad 28 67 9a 31 dc 8b 6e f5 d0 ef 82 f9 04 93 d6 3d 78 |-127
201|404770816|5136989|64 73 36 1d d8 57 ca a1 8c 7b 9e 65 80 df b2 69 b4 83 06 ad 28 67 9a 31 dc 8b 6e f5 d0 ef 82 f9 |-127
202|406770688|5144802|71 1c cb ae 35 10 2f c2 39 44 d3 16 7d b8 b7 aa 01 6c db 7e c5 60 3f 92 c9 94 e3 e6 0d 08 c7 7a |-127
203|408770816|5151149|7e c5 60 3f 92 c9 94 e3 e6 0d 08 c7 7a 91 bc eb 4e 55 b0 4f 62 59 e4 f3 b6 9d 58 d7 4a 21 0c fb |-127
204|410770688|5160427|8b 6e f5 d0 ef 82 f9 04 93 d6 3d 78 77 6a c1 2c 9b 3e 85 20 ff 52 89 54 a3 a6 cd c8 87 3a 51 7c |-127
205|412770816|5165803|98 17 8a 61 4c 3b 5e 25 40 9f 72 29 74 43 c6 6d e8 27 5a f1 9c 4b 2e b5 90 af 42 b9 c4 53 96 fd |-127
206|414770944|5174587|a5 c0 1f f2 a9 f4 c3 46 ed 68 a7 da 71 1c cb ae 35 10 2f c2 39 44 d3 16 7d b8 b7 aa 01 6c db 7e |-127
207|416770816|5181429|b2 69 b4 83 06 ad 28 67 9a 31 dc 8b 6e f5 d0 ef 82 f9 04 93 d6 3d 78 77 6a c1 2c 9b 3e 85 20 ff |-127
208|418770944|5189241|ef 82 f9 04 93 d6 3d 78 77 6a c1 2c 9b 3e 85 20 ff 52 89 54 a3 a6 cd c8 87 3a 51 7c ab 0e 15 70 |-127
209|420770816|5199978|fc 2b 8e 95 f0 8f a2 99 24 33 f6 dd 98 17 8a 61 4c 3b 5e 25 40 9f 72 29 74 43 c6 6d e8 27 5a f1 |-127
210|422770944|5206326|09 d4 23 26 4d 48 07 ba d1 fc 2b 8e 95 f0 8f a2 99 24 33 f6 dd 98 17 8a 61 4c 3b 5e 25 40 9f 72 |-127
211|424770816|5212679|16 7d b8 b7 aa 01 6c db 7e c5 60 3f 92 c9 94 e3 e6 0d 08 c7 7a 91 bc eb 4e 55 b0 4f 62 59 e4 f3 |-127
212|426770944|5223415|23 26 4d 48 07 ba d1 fc 2b 8e 95 f0 8f a2 99 24 33 f6 dd 98 17 8a 61 4c 3b 5e 25 40 9f 72 29 74 |-127
213|428771072|5230740|30 cf e2 d9 64 73 36 1d d8 57 ca a1 8c 7b 9e 65 80 df b2 69 b4 83 06 ad 28 67 9a 31 dc 8b 6e f5 |-127
214|430770944|5236116|3d 78 77 6a c1 2c 9b 3e 85 20 ff 52 89 54 a3 a6 cd c8 87 3a 51 7c ab 0e 15 70 0f 22 19 a4 b3 76 |-127
215|432771072|5245877|4a 21 0c fb 1e e5 00 5f 32 e9 34 03 86 2d a8 e7 1a b1 5c 0b ee 75 50 6f 02 79 84 13 56 bd f8 f7 |-127
216|434770944|5252713|57 ca a1 8c 7b 9e 65 80 df b2 69 b4 83 06 ad 28 67 9a 31 dc 8b 6e f5 d0 ef 82 f9 04 93 d6 3d 78 |-127
217|436771072|5260037|64 73 36 1d d8 57 ca a1 8c 7b 9e 65 80 df b2 69 b4 83 06 ad 28 67 9a 31 dc 8b 6e f5 d0 ef 82 f9 |-127
218|438770944|5269803|71 1c cb ae 35 10 2f c2 39 44 d3 16 7d b8 b7 aa 01 6c db 7e c5 60 3f 92 c9 94 e3 e6 0d 08 c7 7a |-127
219|440771072|5275179|7e c5 60 3f 92 c9 94 e3 e6 0d 08 c7 7a 91 bc eb 4e 55 b0 4f 62 59 e4 f3 b6 9d 58 d7 4a 21 0c fb |-127
220|442770944|5283474|8b 6e f5 d0 ef 82 f9 04 93 d6 3d 78 77 6a c1 2c 9b 3e 85 20 ff 52 89 54 a3 a6 cd c8 87 3a 51 7c |-127
221|444771072|5293240|98 17 8a 61 4c 3b 5e 25 40 9f 72 29 74 43 c6 6d e8 27 5a f1 9c 4b 2e b5 90 af 42 b9 c4 53 96 fd |-127
222|446771200|5301541|a5 c0 1f f2 a9 f4 c3 46 ed 68 a7 da 71 1c cb ae 35 10 2f c2 39 44 d3 16 7d b8 b7 aa 01 6c db 7e |-127
223|448771072|5309354|b2 69 b4 83 06 ad 28 67 9a 31 dc 8b 6e f5 d0 ef 82 f9 04 93 d6 3d 78 77 6a c1 2c 9b 3e 85 20 ff |-127
224|450771200|5316678|8f a2 99 24 33 f6 dd 98 17 8a 61 4c 3b 5e 25 40 9f 72 29 74 43 c6 6d e8 27 5a f1 9c 4b 2e b5 90 |-127
225|452771072|5324002|9c 4b 2e b5 90 af 42 b9 c4 53 96 fd 38 37 2a 81 ec 5b fe 45 e0 bf 12 49 14 63 66 8d 88 47 fa 11 |-127
226|454771200|5332303|a9 f4 c3 46 ed 68 a7 da 71 1c cb ae 35 10 2f c2 39 44 d3 16 7d b8 b7 aa 01 6c db 7e c5 60 3f 92 |-127
227|456771072|5339627|b6 9d 58 d7 4a 21 0c fb 1e e5 00 5f 32 e9 34 03 86 2d a8 e7 1a b1 5c 0b ee 75 50 6f 02 79 84 13 |-127
228|458771200|5346463|c3 46 ed 68 a7 da 71 1c cb ae 35 10 2f c2 39 44 d3 16 7d b8 b7 aa 01 6c db 7e c5 60 3f 92 c9 94 |-127
229|460771328|5353788|d0 ef 82 f9 04 93 d6 3d 78 77 6a c1 2c 9b 3e 85 20 ff 52 89 54 a3 a6 cd c8 87 3a 51 7c ab 0e 15 |-127
230|462771200|5364041|dd 98 17 8a 61 4c 3b 5e 25 40 9f 72 29 74 43 c6 6d e8 27 5a f1 9c 4b 2e b5 90 af 42 b9 c4 53 96 |-127
231|464771328|5371366|ea 41 ac 1b be 05 a0 7f d2 09 d4 23 26 4d 48 07 ba d1 fc 2b 8e 95 f0 8f a2 99 24 33 f6 dd 98 17 |-127
232|466771200|5378690|f7 ea 41 ac 1b be 05 a0 7f d2 09 d4 23 26 4d 48 07 ba d1 fc 2b 8e 95 f0 8f a2 99 24 33 f6 dd 98 |-127
233|468771328|5387479|04 93 d6 3d 78 77 6a c1 2c 9b 3e 85 20 ff 52 89 54 a3 a6 cd c8 87 3a 51 7c ab 0e 15 70 0f 22 19 |-127
234|470771200|5393827|11 3c 6b ce d5 30 cf e2 d9 64 73 36 1d d8 57 ca a1 8c 7b 9e 65 80 df b2 69 b4 83 06 ad 28 67 9a |-127
235|472771328|5400663|1e e5 00 5f 32 e9 34 03 86 2d a8 e7 1a b1 5c 0b ee 75 50 6f 02 79 84 13 56 bd f8 f7 ea 41 ac 1b |-127
236|474771200|5410428|2b 8e 95 f0 8f a2 99 24 33 f6 dd 98 17 8a 61 4c 3b 5e 25 40 9f 72 29 74 43 c6 6d e8 27 5a f1 9c |-127
237|476771328|5417753|38 37 2a 81 ec 5b fe 45 e0 bf 12 49 14 63 66 8d 88 47 fa 11 3c 6b ce d5 30 cf e2 d9 64 73 36 1d |-127
238|478771456|5426542|45 e0 bf 12 49 14 63 66 8d 88 47 fa 11 3c 6b ce d5 30 cf e2 d9 64 73 36 1d d8 57 ca a1 8c 7b 9e |-127
239|480771328|5431430|52 89 54 a3 a6 cd c8 87 3a 51 7c ab 0e 15 70 0f 22 19 a4 b3 76 5d 18 97 0a e1 cc bb de a5 c0 1f |-127
240|482771456|5440702|8f a2 99 24 33 f6 dd 98 17 8a 61 4c 3b 5e 25 40 9f 72 29 74 43 c6 6d e8 27 5a f1 9c 4b 2e b5 90 |-127
241|484771328|5447538|9c 4b 2e b5 90 af 42 b9 c4 53 96 fd 38 37 2a 81 ec 5b fe 45 e0 bf 12 49 14 63 66 8d 88 47 fa 11 |-127
242|486771456|5456327|a9 f4 c3 46 ed 68 a7 da 71 1c cb ae 35 10 2f c2 39 44 d3 16 7d b8 b7 aa 01 6c db 7e c5 60 3f 92 |-127
243|488771328|5465605|b6 9d 58 d7 4a 21 0c fb 1e e5 00 5f 32 e9 34 03 86 2d a8 e7 1a b1 5c 0b ee 75 50 6f 02 79 84 13 |-127
244|490771456|5471952|c3 46 ed 68 a7 da 71 1c cb ae 35 10 2f c2 39 44 d3 16 7d b8 b7 aa 01 6c db 7e c5 60 3f 92 c9 94 |-127
245|492771328|5478788|d0 ef 82 f9 04 93 d6 3d 78 77 6a c1 2c 9b 3e 85 20 ff 52 89 54 a3 a6 cd c8 87 3a 51 7c ab 0e 15 |-127
246|494771456|5489042|dd 98 17 8a 61 4c 3b 5e 25 40 9f 72 29 74 43 c6 6d e8 27 5a f1 9c 4b 2e b5 90 af 42 b9 c4 53 96 |-127
247|496771584|5494902|ea 41 ac 1b be 05 a0 7f d2 09 d4 23 26 4d 48 07 ba d1 fc 2b 8e 95 f0 8f a2 99 24 33 f6 dd 98 17 |-127
248|498771456|5504667|f7 ea 41 ac 1b be 05 a0 7f d2 09 d4 23 26 4d 48 07 ba d1 fc 2b 8e 95 f0 8f a2 99 24 33 f6 dd 98 |-127
249|500771584|5512480|04 93 d6 3d 78 77 6a c1 2c 9b 3e 85 20 ff 52 89 54 a3 a6 cd c8 87 3a 51 7c ab 0e 15 70 0f 22 19 |-127
250|502771456|5518339|11 3c 6b ce d5 30 cf e2 d9 64 73 36 1d d8 57 ca a1 8c 7b 9e 65 80 df b2 69 b4 83 06 ad 28 67 9a |-127
251|504771584|5527617|1e e5 00 5f 32 e9 34 03 86 2d a8 e7 1a b1 5c 0b ee 75 50 6f 02 79 84 13 56 bd f8 f7 ea 41 ac 1b |-127
252|506771456|5533476|2b 8e 95 f0 8f a2 99 24 33 f6 dd 98 17 8a 61 4c 3b 5e 25 40 9f 72 29 74 43 c6 6d e8 27 5a f1 9c |-127
253|508771584|5543242|38 37 2a 81 ec 5b fe 45 e0 bf 12 49 14 63 66 8d 88 47 fa 11 3c 6b ce d5 30 cf e2 d9 64 73 36 1d |-127
254|510771712|5550078|45 e0 bf 12 49 14 63 66 8d 88 47 fa 11 3c 6b ce d5 30 cf e2 d9 64 73 36 1d d8 57 ca a1 8c 7b 9e |-127
255|512771584|5559355|52 89 54 a3 a6 cd c8 87 3a 51 7c ab 0e 15 70 0f 22 19 a4 b3 76 5d 18 97 0a e1 cc bb de a5 c0 1f |-127
256|514771713|5567168|2f c2 39 44 d3 16 7d b8 b7 aa 01 6c db 7e c5 60 3f 92 c9 94 e3 e6 0d 08 c7 7a 91 bc eb 4e 55 b0 |-127
257|516771585|5574492|3c 6b ce d5 30 cf e2 d9 64 73 36 1d d8 57 ca a1 8c 7b 9e 65 80 df b2 69 b4 83 06 ad 28 67 9a 31 |-127
258|518771713|5581328|49 14 63 66 8d 88 47 fa 11 3c 6b ce d5 30 cf e2 d9 64 73 36 1d d8 57 ca a1 8c 7b 9e 65 80 df b2 |-127
259|520771585|5588164|56 bd f8 f7 ea 41 ac 1b be 05 a0 7f d2 09 d4 23 26 4d 48 07 ba d1 fc 2b 8e 95 f0 8f a2 99 24 33 |-127
260|522771713|5597441|63 66 8d 88 47 fa 11 3c 6b ce d5 30 cf e2 d9 64 73 36 1d d8 57 ca a1 8c 7b 9e 65 80 df b2 69 b4 |-127
261|524771585|5603789|70 0f 22 19 a4 b3 76 5d 18 97 0a e1 cc bb de a5 c0 1f f2 a9 f4 c3 46 ed 68 a7 da 71 1c cb ae 35 |-127
262|526771713|5612066|7d b8 b7 aa 01 6c db 7e c5 60 3f 92 c9 94 e3 e6 0d 08 c7 7a 91 bc eb 4e 55 b0 4f 62 59 e4 f3 b6 |-55
263|528771841|5620879|8a 61 4c 3b 5e 25 40 9f 72 29 74 43 c6 6d e8 27 5a f1 9c 4b 2e b5 90 af 42 b9 c4 53 96 fd 38 37 |-127
264|530771713|5627715|97 0a e1 cc bb de a5 c0 1f f2 a9 f4 c3 46 ed 68 a7 da 71 1c cb ae 35 10 2f c2 39 44 d3 16 7d b8 |-127
265|532771841|5636504|a4 b3 76 5d 18 97 0a e1 cc bb de a5 c0 1f f2 a9 f4 c3 46 ed 68 a7 da 71 1c cb ae 35 10 2f c2 39 |-127
266|534771713|5643829|b1 5c 0b ee 75 50 6f 02 79 84 13 56 bd f8 f7 ea 41 ac 1b be 05 a0 7f d2 09 d4 23 26 4d 48 07 ba |-127
267|536771841|5651153|be 05 a0 7f d2 09 d4 23 26 4d 48 07 ba d1 fc 2b 8e 95 f0 8f a2 99 24 33 f6 dd 98 17 8a 61 4c 3b |-127
268|538771713|5660918|cb ae 35 10 2f c2 39 44 d3 16 7d b8 b7 aa 01 6c db 7e c5 60 3f 92 c9 94 e3 e6 0d 08 c7 7a 91 bc |-127
269|540771841|5667266|d8 57 ca a1 8c 7b 9e 65 80 df b2 69 b4 83 06 ad 28 67 9a 31 dc 8b 6e f5 d0 ef 82 f9 04 93 d6 3d |-127
270|542771969|5674590|e5 00 5f 32 e9 34 03 86 2d a8 e7 1a b1 5c 0b ee 75 50 6f 02 79 84 13 56 bd f8 f7 ea 41 ac 1b be |-127
271|544771841|5681915|f2 a9 f4 c3 46 ed 68 a7 da 71 1c cb ae 35 10 2f c2 39 44 d3 16 7d b8 b7 aa 01 6c db 7e c5 60 3f |-127
272|546771969|5690704|2f c2 39 44 d3 16 7d b8 b7 aa 01 6c db 7e c5 60 3f 92 c9 94 e3 e6 0d 08 c7 7a 91 bc eb 4e 55 b0 |-127
273|548771841|5698516|3c 6b ce d5 30 cf e2 d9 64 73 36 1d d8 57 ca a1 8c 7b 9e 65 80 df b2 69 b4 83 06 ad 28 67 9a 31 |-127
274|550771969|5707794|49 14 63 66 8d 88 47 fa 11 3c 6b ce d5 30 cf e2 d9 64 73 36 1d d8 57 ca a1 8c 7b 9e 65 80 df b2 |-127
275|552771841|5715606|56 bd f8 f7 ea 41 ac 1b be 05 a0 7f d2 09 d4 23 26 4d 48 07 ba d1 fc 2b 8e 95 f0 8f a2 99 24 33 |-127
276|554771969|5723419|63 66 8d 88 47 fa 11 3c 6b ce d5 30 cf e2 d9 64 73 36 1d d8 57 ca a1 8c 7b 9e 65 80 df b2 69 b4 |-127
277|556771841|5729767|70 0f 22 19 a4 b3 76 5d 18 97 0a e1 cc bb de a5 c0 1f f2 a9 f4 c3 46 ed 68 a7 da 71 1c cb ae 35 |-127
278|558771969|5738556|7d b8 b7 aa 01 6c db 7e c5 60 3f 92 c9 94 e3 e6 0d 08 c7 7a 91 bc eb 4e 55 b0 4f 62 59 e4 f3 b6 |-127
279|560772097|5745392|8a 61 4c 3b 5e 25 40 9f 72 29 74 43 c6 6d e8 27 5a f1 9c 4b 2e b5 90 af 42 b9 c4 53 96 fd 38 37 |-127
280|562771969|5754181|97 0a e1 cc bb de a5 c0 1f f2 a9 f4 c3 46 ed 68 a7 da 71 1c cb ae 35 10 2f c2 39 44 d3 16 7d b8 |-127
281|564772097|5762482|a4 b3 76 5d 18 97 0a e1 cc bb de a5 c0 1f f2 a9 f4 c3 46 ed 68 a7 da 71 1c cb ae 35 10 2f c2 39 |-127
282|566771969|5769806|b1 5c 0b ee 75 50 6f 02 79 84 13 56 bd f8 f7 ea 41 ac 1b be 05 a0 7f d2 09 d4 23 26 4d 48 07 ba |-127
283|568772097|5777618|be 05 a0 7f d2 09 d4 23 26 4d 48 07 ba d1 fc 2b 8e 95 f0 8f a2 99 24 33 f6 dd 98 17 8a 61 4c 3b |-127
284|570771969|5785431|cb ae 35 10 2f c2 39 44 d3 16 7d b8 b7 aa 01 6c db 7e c5 60 3f 92 c9 94 e3 e6 0d 08 c7 7a 91 bc |-127
285|572772097|5793732|d8 57 ca a1 8c 7b 9e 65 80 df b2 69 b4 83 06 ad 28 67 9a 31 dc 8b 6e f5 d0 ef 82 f9 04 93 d6 3d |-127
286|574771969|5801056|e5 00 5f 32 e9 34 03 86 2d a8 e7 1a b1 5c 0b ee 75 50 6f 02 79 84 13 56 bd f8 f7 ea 41 ac 1b be |-127
287|576772097|5807892|f2 a9 f4 c3 46 ed 68 a7 da 71 1c cb ae 35 10 2f c2 39 44 d3 16 7d b8 b7 aa 01 6c db 7e c5 60 3f |-127
288|578772225|5815216|cf e2 d9 64 73 36 1d d8 57 ca a1 8c 7b 9e 65 80 df b2 69 b4 83 06 ad 28 67 9a 31 dc 8b 6e f5 d0 |-127
289|580772097|5823517|dc 8b 6e f5 d0 ef 82 f9 04 93 d6 3d 78 77 6a c1 2c 9b 3e 85 20 ff 52 89 54 a3 a6 cd c8 87 3a 51 |-127
290|582772225|5829870|e9 34 03 86 2d a8 e7 1a b1 5c 0b ee 75 50 6f 02 79 84 13 56 bd f8 f7 ea 41 ac 1b be 05 a0 7f d2 |-127
291|584772097|5837683|f6 dd 98 17 8a 61 4c 3b 5e 25 40 9f 72 29 74 43 c6 6d e8 27 5a f1 9c 4b 2e b5 90 af 42 b9 c4 53 |-127
292|586772225|5846955|03 86 2d a8 e7 1a b1 5c 0b ee 75 50 6f 02 79 84 13 56 bd f8 f7 ea 41 ac 1b be 05 a0 7f d2 09 d4 |-127
293|588772097|5855256|10 2f c2 39 44 d3 16 7d b8 b7 aa 01 6c db 7e c5 60 3f 92 c9 94 e3 e6 0d 08 c7 7a 91 bc eb 4e 55 |-127
294|590772225|5861121|1d d8 57 ca a1 8c 7b 9e 65 80 df b2 69 b4 83 06 ad 28 67 9a 31 dc 8b 6e f5 d0 ef 82 f9 04 93 d6 |-127
295|592772353|5871857|2a 81 ec 5b fe 45 e0 bf 12 49 14 63 66 8d 88 47 fa 11 3c 6b ce d5 30 cf e2 d9 64 73 36 1d d8 57 |-127
296|594772225|5879182|37 2a 81 ec 5b fe 45 e0 bf 12 49 14 63 66 8d 88 47 fa 11 3c 6b ce d5 30 cf e2 d9 64 73 36 1d d8 |-127
297|596772353|5885994|44 d3 16 7d b8 b7 aa 01 6c db 7e c5 60 3f 92 c9 94 e3 e6 0d 08 c7 7a 91 bc eb 4e 55 b0 4f 62 59 |-55
298|598772225|5892371|51 7c ab 0e 15 70 0f 22 19 a4 b3 76 5d 18 97 0a e1 cc bb de a5 c0 1f f2 a9 f4 c3 46 ed 68 a7 da |-127
299|600772353|5901154|5e 25 40 9f 72 29 74 43 c6 6d e8 27 5a f1 9c 4b 2e b5 90 af 42 b9 c4 53 96 fd 38 37 2a 81 ec 5b |-127
300|602772225|5907996|6b ce d5 30 cf e2 d9 64 73 36 1d d8 57 ca a1 8c 7b 9e 65 80 df b2 69 b4 83 06 ad 28 67 9a 31 dc |-127
301|604772353|5915809|78 77 6a c1 2c 9b 3e 85 20 ff 52 89 54 a3 a6 cd c8 87 3a 51 7c ab 0e 15 70 0f 22 19 a4 b3 76 5d |-127
302|606772225|5924592|85 20 ff 52 89 54 a3 a6 cd c8 87 3a 51 7c ab 0e 15 70 0f 22 19 a4 b3 76 5d 18 97 0a e1 cc bb de |-127
303|608772353|5933870|92 c9 94 e3 e6 0d 08 c7 7a 91 bc eb 4e 55 b0 4f 62 59 e4 f3 b6 9d 58 d7 4a 21 0c fb 1e e5 00 5f |-127
304|610772481|5941682|cf e2 d9 64 73 36 1d d8 57 ca a1 8c 7b 9e 65 80 df b2 69 b4 83 06 ad 28 67 9a 31 dc 8b 6e f5 d0 |-127
305|612772353|5954377|dc 8b 6e f5 d0 ef 82 f9 04 93 d6 3d 78 77 6a c1 2c 9b 3e 85 20 ff 52 89 54 a3 a6 cd c8 87 3a 51 |-127
306|614772481|5955842|e9 34 03 86 2d a8 e7 1a b1 5c 0b ee 75 50 6f 02 79 84 13 56 bd f8 f7 ea 41 ac 1b be 05 a0 7f d2 |-127
307|616772353|5964631|f6 dd 98 17 8a 61 4c 3b 5e 25 40 9f 72 29 74 43 c6 6d e8 27 5a f1 9c 4b 2e b5 90 af 42 b9 c4 53 |-127
308|618772481|5970979|03 86 2d a8 e7 1a b1 5c 0b ee 75 50 6f 02 79 84 13 56 bd f8 f7 ea 41 ac 1b be 05 a0 7f d2 09 d4 |-127
309|620772353|5981233|10 2f c2 39 44 d3 16 7d b8 b7 aa 01 6c db 7e c5 60 3f 92 c9 94 e3 e6 0d 08 c7 7a 91 bc eb 4e 55 |-127
310|622772481|5991487|1d d8 57 ca a1 8c 7b 9e 65 80 df b2 69 b4 83 06 ad 28 67 9a 31 dc 8b 6e f5 d0 ef 82 f9 04 93 d6 |-127
311|624772609|5994417|2a 81 ec 5b fe 45 e0 bf 12 49 14 63 66 8d 88 47 fa 11 3c 6b ce d5 30 cf e2 d9 64 73 36 1d d8 57 |-127
312|626772481|6002229|37 2a 81 ec 5b fe 45 e0 bf 12 49 14 63 66 8d 88 47 fa 11 3c 6b ce d5 30 cf e2 d9 64 73 36 1d d8 |-127
313|628772609|6010530|44 d3 16 7d b8 b7 aa 01 6c db 7e c5 60 3f 92 c9 94 e3 e6 0d 08 c7 7a 91 bc eb 4e 55 b0 4f 62 59 |-127
